logistics_id,order_id,estimated_delivery_date,actual_delivery_date,shipping_cost,warehouse_id
1,1,2025-10-08,2025-10-12,29.69,WH1
2,2,2025-10-24,2025-10-23,22.5,WH2
3,3,2025-09-23,2025-09-26,31.22,WH4
4,4,2025-07-31,2025-07-31,33.17,WH3
5,5,2025-10-01,2025-10-06,23.84,WH3
6,6,2025-10-26,2025-10-26,48.0,WH4
7,7,2025-09-05,2025-09-05,48.16,WH3
8,8,2025-10-05,2025-10-06,50.82,WH4
9,9,2025-10-09,2025-10-10,13.13,WH2
10,10,2025-10-22,2025-10-24,20.46,WH1
11,11,2025-08-10,2025-08-15,37.04,WH2
12,12,2025-08-19,2025-08-22,43.13,WH1
13,13,2025-07-22,2025-07-27,30.37,WH3
14,14,2025-10-04,2025-10-06,24.41,WH4
15,15,2025-10-12,2025-10-12,18.32,WH3
16,16,2025-08-26,2025-08-29,30.89,WH3
17,17,2025-07-10,2025-07-12,9.07,WH1
18,18,2025-07-29,2025-08-01,7.23,WH3
19,19,2025-08-23,2025-08-28,41.58,WH3
20,20,2025-07-13,2025-07-15,26.18,WH4
21,21,2025-07-13,2025-07-17,17.22,WH1
22,22,2025-10-06,2025-10-06,8.67,WH1
23,23,2025-10-22,2025-10-26,46.73,WH4
24,24,2025-10-17,2025-10-16,24.63,WH3
25,25,2025-08-13,2025-08-12,30.64,WH1
26,26,2025-09-08,2025-09-08,17.29,WH3
27,27,2025-10-11,2025-10-10,46.53,WH1
28,28,2025-09-23,2025-09-22,26.19,WH4
29,29,2025-07-07,2025-07-07,38.9,WH2
30,30,2025-07-14,2025-07-18,43.18,WH3
31,31,2025-10-05,2025-10-04,45.24,WH2
32,32,2025-10-10,2025-10-11,21.86,WH1
33,33,2025-10-16,2025-10-16,35.17,WH4
34,34,2025-10-01,2025-10-04,35.53,WH2
35,35,2025-10-15,2025-10-18,15.86,WH1
36,36,2025-10-19,2025-10-20,9.78,WH2
37,37,2025-10-21,2025-10-22,27.81,WH4
38,38,2025-10-02,2025-10-05,32.2,WH4
39,39,2025-07-13,2025-07-14,5.89,WH4
40,40,2025-09-07,2025-09-11,23.6,WH3
41,41,2025-09-06,2025-09-05,18.8,WH4
42,42,2025-09-29,2025-10-03,10.29,WH4
43,43,2025-07-30,2025-08-01,28.94,WH2
44,44,2025-08-05,2025-08-06,16.6,WH2
45,45,2025-10-06,2025-10-06,34.85,WH2
46,46,2025-09-29,2025-10-02,36.27,WH1
47,47,2025-07-17,2025-07-21,7.21,WH4
48,48,2025-08-07,2025-08-09,44.32,WH4
49,49,2025-09-09,2025-09-11,35.21,WH3
50,50,2025-10-04,2025-10-08,49.54,WH2
51,51,2025-08-16,2025-08-17,21.04,WH4
52,52,2025-07-23,2025-07-25,46.39,WH3
53,53,2025-08-19,2025-08-20,7.73,WH3
54,54,2025-10-04,2025-10-09,32.5,WH1
55,55,2025-10-27,2025-10-26,43.82,WH2
56,56,2025-10-24,2025-10-26,12.13,WH3
57,57,2025-09-18,2025-09-19,30.34,WH3
58,58,2025-10-22,2025-10-25,23.67,WH1
59,59,2025-07-06,2025-07-05,31.68,WH2
60,60,2025-08-07,2025-08-12,18.64,WH3
61,61,2025-10-09,2025-10-13,38.04,WH2
62,62,2025-07-01,2025-07-06,33.72,WH4
63,63,2025-07-17,2025-07-17,47.83,WH2
64,64,2025-09-09,2025-09-12,12.0,WH2
65,65,2025-07-15,2025-07-20,49.13,WH3
66,66,2025-10-15,2025-10-19,36.5,WH2
67,67,2025-08-03,2025-08-02,26.01,WH1
68,68,2025-08-30,2025-09-04,48.34,WH1
69,69,2025-07-26,2025-07-30,23.74,WH1
70,70,2025-09-28,2025-10-01,34.34,WH1
71,71,2025-10-26,2025-10-31,29.12,WH3
72,72,2025-09-05,2025-09-09,50.92,WH4
73,73,2025-07-09,2025-07-12,31.88,WH4
74,74,2025-08-10,2025-08-13,11.56,WH3
75,75,2025-08-11,2025-08-16,45.65,WH2
76,76,2025-08-27,2025-08-30,44.88,WH1
77,77,2025-09-16,2025-09-18,42.11,WH1
78,78,2025-08-27,2025-08-29,5.06,WH4
79,79,2025-09-14,2025-09-17,22.48,WH4
80,80,2025-10-14,2025-10-14,18.64,WH3
81,81,2025-08-16,2025-08-16,23.92,WH2
82,82,2025-08-24,2025-08-29,23.48,WH2
83,83,2025-09-04,2025-09-08,39.57,WH2
84,84,2025-08-12,2025-08-12,36.61,WH2
85,85,2025-08-02,2025-08-07,49.25,WH4
86,86,2025-08-17,2025-08-16,13.32,WH1
87,87,2025-07-20,2025-07-21,42.78,WH4
88,88,2025-10-06,2025-10-05,15.11,WH3
89,89,2025-10-02,2025-10-02,11.41,WH3
90,90,2025-08-19,2025-08-24,29.65,WH4
91,91,2025-07-15,2025-07-15,5.15,WH2
92,92,2025-07-10,2025-07-13,31.07,WH2
93,93,2025-09-05,2025-09-08,6.24,WH3
94,94,2025-10-12,2025-10-16,48.28,WH1
95,95,2025-08-29,2025-09-01,25.93,WH1
96,96,2025-09-12,2025-09-15,49.64,WH3
97,97,2025-07-24,2025-07-25,36.9,WH3
98,98,2025-09-01,2025-08-31,23.38,WH1
99,99,2025-09-14,2025-09-14,18.36,WH3
100,100,2025-08-10,2025-08-10,46.53,WH3
101,101,2025-07-21,2025-07-21,47.47,WH3
102,102,2025-09-01,2025-09-03,21.59,WH1
103,103,2025-10-15,2025-10-20,48.49,WH2
104,104,2025-10-05,2025-10-10,36.0,WH3
105,105,2025-10-05,2025-10-10,34.9,WH2
106,106,2025-09-03,2025-09-06,21.06,WH1
107,107,2025-07-19,2025-07-24,5.07,WH3
108,108,2025-08-26,2025-08-27,8.28,WH4
109,109,2025-07-22,2025-07-23,42.01,WH2
110,110,2025-07-10,2025-07-13,22.4,WH2
111,111,2025-08-19,2025-08-18,40.84,WH3
112,112,2025-07-02,2025-07-06,27.9,WH4
113,113,2025-07-03,2025-07-05,14.46,WH4
114,114,2025-07-16,2025-07-17,38.57,WH2
115,115,2025-09-11,2025-09-11,17.21,WH2
116,116,2025-10-03,2025-10-02,9.82,WH2
117,117,2025-10-13,2025-10-17,34.97,WH4
118,118,2025-09-27,2025-09-28,11.71,WH2
119,119,2025-08-22,2025-08-24,25.87,WH4
120,120,2025-10-19,2025-10-22,32.76,WH2
121,121,2025-08-23,2025-08-24,22.24,WH4
122,122,2025-10-20,2025-10-20,23.5,WH1
123,123,2025-08-07,2025-08-09,8.51,WH1
124,124,2025-09-25,2025-09-28,30.71,WH2
125,125,2025-07-04,2025-07-07,10.21,WH3
126,126,2025-07-13,2025-07-12,18.63,WH4
127,127,2025-10-18,2025-10-18,24.72,WH2
128,128,2025-09-16,2025-09-19,22.75,WH2
129,129,2025-08-29,2025-08-29,10.17,WH2
130,130,2025-09-07,2025-09-12,5.14,WH4
131,131,2025-10-20,2025-10-19,26.8,WH3
132,132,2025-08-05,2025-08-07,45.3,WH4
133,133,2025-07-05,2025-07-05,39.13,WH1
134,134,2025-10-10,2025-10-12,13.32,WH2
135,135,2025-10-20,2025-10-21,27.23,WH3
136,136,2025-08-31,2025-09-05,21.36,WH1
137,137,2025-09-18,2025-09-17,6.82,WH1
138,138,2025-10-14,2025-10-15,41.2,WH4
139,139,2025-07-23,2025-07-24,34.96,WH2
140,140,2025-07-21,2025-07-22,18.54,WH1
141,141,2025-09-16,2025-09-18,29.17,WH4
142,142,2025-09-26,2025-09-29,28.95,WH4
143,143,2025-09-23,2025-09-22,5.4,WH1
144,144,2025-10-13,2025-10-17,28.62,WH3
145,145,2025-09-30,2025-10-02,28.78,WH3
146,146,2025-09-03,2025-09-04,48.41,WH4
147,147,2025-08-22,2025-08-22,34.0,WH1
148,148,2025-08-14,2025-08-16,14.25,WH1
149,149,2025-08-26,2025-08-27,46.92,WH3
150,150,2025-09-12,2025-09-16,41.14,WH3
151,151,2025-09-02,2025-09-05,28.02,WH4
152,152,2025-10-05,2025-10-10,26.61,WH1
153,153,2025-09-09,2025-09-11,22.98,WH2
154,154,2025-09-12,2025-09-16,15.25,WH2
155,155,2025-08-01,2025-08-05,14.17,WH3
156,156,2025-09-02,2025-09-04,24.72,WH3
157,157,2025-08-03,2025-08-08,21.24,WH2
158,158,2025-09-09,2025-09-10,19.68,WH2
159,159,2025-07-06,2025-07-07,28.14,WH4
160,160,2025-07-12,2025-07-12,43.9,WH4
161,161,2025-07-07,2025-07-07,47.07,WH4
162,162,2025-07-31,2025-08-03,33.24,WH3
163,163,2025-07-23,2025-07-22,5.84,WH1
164,164,2025-08-15,2025-08-20,32.2,WH1
165,165,2025-09-08,2025-09-12,26.59,WH3
166,166,2025-07-09,2025-07-10,21.33,WH4
167,167,2025-07-20,2025-07-22,17.29,WH2
168,168,2025-07-10,2025-07-14,32.33,WH3
169,169,2025-10-22,2025-10-27,26.25,WH4
170,170,2025-07-19,2025-07-18,40.66,WH2
171,171,2025-07-02,2025-07-01,15.25,WH3
172,172,2025-09-13,2025-09-14,25.59,WH3
173,173,2025-08-19,2025-08-18,40.88,WH3
174,174,2025-08-24,2025-08-25,21.07,WH3
175,175,2025-07-20,2025-07-24,19.02,WH4
176,176,2025-09-16,2025-09-18,49.44,WH3
177,177,2025-08-08,2025-08-11,45.72,WH1
178,178,2025-07-01,2025-07-05,25.0,WH2
179,179,2025-09-10,2025-09-13,7.71,WH1
180,180,2025-09-07,2025-09-07,50.02,WH4
181,181,2025-09-18,2025-09-19,43.42,WH4
182,182,2025-09-02,2025-09-06,36.16,WH3
183,183,2025-10-10,2025-10-10,35.06,WH2
184,184,2025-09-03,2025-09-04,34.47,WH2
185,185,2025-09-28,2025-10-03,31.11,WH3
186,186,2025-07-04,2025-07-05,6.82,WH3
187,187,2025-09-23,2025-09-23,14.05,WH1
188,188,2025-10-25,2025-10-30,39.44,WH3
189,189,2025-07-10,2025-07-12,14.64,WH3
190,190,2025-10-22,2025-10-23,50.79,WH4
191,191,2025-10-28,2025-10-28,42.67,WH3
192,192,2025-08-16,2025-08-15,45.04,WH2
193,193,2025-09-20,2025-09-20,21.81,WH2
194,194,2025-08-21,2025-08-22,11.57,WH4
195,195,2025-10-18,2025-10-20,11.56,WH4
196,196,2025-09-28,2025-09-29,17.57,WH2
197,197,2025-07-31,2025-08-02,40.34,WH1
198,198,2025-10-03,2025-10-03,18.6,WH4
199,199,2025-07-04,2025-07-04,45.93,WH4
200,200,2025-09-17,2025-09-22,31.75,WH2
201,201,2025-08-23,2025-08-26,7.83,WH2
202,202,2025-08-08,2025-08-11,30.52,WH1
203,203,2025-09-07,2025-09-12,33.34,WH3
204,204,2025-08-14,2025-08-18,27.31,WH1
205,205,2025-08-24,2025-08-23,48.0,WH1
206,206,2025-09-27,2025-10-02,15.88,WH3
207,207,2025-09-22,2025-09-27,10.25,WH1
208,208,2025-07-19,2025-07-23,13.86,WH1
209,209,2025-08-28,2025-09-01,27.77,WH3
210,210,2025-09-24,2025-09-29,28.22,WH3
211,211,2025-09-29,2025-10-01,28.1,WH3
212,212,2025-09-22,2025-09-22,11.91,WH2
213,213,2025-08-12,2025-08-15,14.44,WH2
214,214,2025-10-24,2025-10-24,49.37,WH2
215,215,2025-09-16,2025-09-20,28.1,WH2
216,216,2025-09-26,2025-09-29,34.95,WH4
217,217,2025-09-15,2025-09-15,18.78,WH1
218,218,2025-10-18,2025-10-23,5.86,WH3
219,219,2025-07-27,2025-08-01,18.51,WH4
220,220,2025-10-06,2025-10-10,25.14,WH2
221,221,2025-10-18,2025-10-21,7.61,WH4
222,222,2025-08-10,2025-08-15,27.08,WH1
223,223,2025-09-19,2025-09-22,15.33,WH1
224,224,2025-10-03,2025-10-07,22.6,WH1
225,225,2025-10-22,2025-10-25,36.07,WH1
226,226,2025-08-18,2025-08-21,45.61,WH3
227,227,2025-09-17,2025-09-20,11.02,WH2
228,228,2025-08-02,2025-08-06,8.97,WH1
229,229,2025-09-28,2025-09-27,35.76,WH2
230,230,2025-10-28,2025-10-28,14.34,WH3
231,231,2025-09-09,2025-09-10,22.39,WH2
232,232,2025-08-07,2025-08-11,9.35,WH4
233,233,2025-10-03,2025-10-07,31.84,WH2
234,234,2025-08-30,2025-08-30,38.71,WH4
235,235,2025-09-25,2025-09-29,31.93,WH4
236,236,2025-08-04,2025-08-08,18.2,WH4
237,237,2025-10-25,2025-10-27,19.96,WH2
238,238,2025-10-27,2025-10-29,44.84,WH4
239,239,2025-10-26,2025-10-28,7.16,WH3
240,240,2025-08-06,2025-08-07,7.06,WH2
241,241,2025-09-05,2025-09-05,20.88,WH4
242,242,2025-09-21,2025-09-23,49.87,WH2
243,243,2025-07-03,2025-07-02,31.01,WH3
244,244,2025-08-09,2025-08-14,35.69,WH4
245,245,2025-09-04,2025-09-04,49.68,WH1
246,246,2025-09-07,2025-09-12,50.11,WH1
247,247,2025-10-27,2025-10-29,27.81,WH1
248,248,2025-10-19,2025-10-24,48.47,WH4
249,249,2025-08-15,2025-08-16,22.04,WH4
250,250,2025-09-21,2025-09-22,5.06,WH1
251,251,2025-07-26,2025-07-29,17.47,WH4
252,252,2025-09-26,2025-09-27,34.28,WH4
253,253,2025-07-19,2025-07-20,24.26,WH2
254,254,2025-08-24,2025-08-23,44.16,WH1
255,255,2025-09-22,2025-09-25,38.33,WH4
256,256,2025-08-07,2025-08-08,34.43,WH2
257,257,2025-09-28,2025-09-28,34.89,WH2
258,258,2025-09-08,2025-09-07,46.98,WH2
259,259,2025-10-27,2025-10-26,7.23,WH4
260,260,2025-10-22,2025-10-27,45.3,WH2
261,261,2025-09-25,2025-09-26,18.15,WH3
262,262,2025-09-08,2025-09-11,39.88,WH3
263,263,2025-08-16,2025-08-18,40.81,WH4
264,264,2025-10-10,2025-10-12,5.59,WH2
265,265,2025-07-09,2025-07-11,20.76,WH1
266,266,2025-07-09,2025-07-13,29.4,WH3
267,267,2025-10-21,2025-10-23,29.39,WH2
268,268,2025-07-04,2025-07-05,50.99,WH3
269,269,2025-10-07,2025-10-08,22.83,WH1
270,270,2025-08-06,2025-08-08,15.26,WH4
271,271,2025-10-14,2025-10-18,13.89,WH2
272,272,2025-08-05,2025-08-05,12.12,WH4
273,273,2025-10-23,2025-10-28,23.53,WH2
274,274,2025-09-09,2025-09-14,28.56,WH1
275,275,2025-08-08,2025-08-08,49.5,WH1
276,276,2025-08-26,2025-08-29,16.98,WH1
277,277,2025-07-10,2025-07-09,31.25,WH3
278,278,2025-08-15,2025-08-19,24.09,WH4
279,279,2025-07-24,2025-07-25,10.46,WH3
280,280,2025-07-17,2025-07-21,48.99,WH2
281,281,2025-07-31,2025-08-02,32.16,WH4
282,282,2025-09-20,2025-09-21,12.83,WH2
283,283,2025-07-17,2025-07-16,13.07,WH3
284,284,2025-09-16,2025-09-19,44.03,WH1
285,285,2025-07-07,2025-07-10,43.91,WH3
286,286,2025-08-26,2025-08-30,32.31,WH1
287,287,2025-07-31,2025-07-31,41.23,WH1
288,288,2025-10-13,2025-10-14,29.82,WH4
289,289,2025-09-29,2025-10-02,19.82,WH4
290,290,2025-09-10,2025-09-14,8.38,WH4
291,291,2025-10-01,2025-10-04,24.03,WH2
292,292,2025-07-06,2025-07-11,15.16,WH3
293,293,2025-10-24,2025-10-29,28.96,WH4
294,294,2025-08-20,2025-08-21,31.05,WH2
295,295,2025-09-02,2025-09-07,18.91,WH1
296,296,2025-10-11,2025-10-14,12.73,WH4
297,297,2025-07-25,2025-07-24,34.33,WH2
298,298,2025-08-24,2025-08-27,35.25,WH2
299,299,2025-07-01,2025-07-04,27.31,WH3
300,300,2025-09-09,2025-09-09,30.6,WH1
301,301,2025-07-21,2025-07-26,32.27,WH3
302,302,2025-07-19,2025-07-18,32.56,WH3
303,303,2025-09-24,2025-09-25,38.7,WH4
304,304,2025-10-13,2025-10-18,43.39,WH3
305,305,2025-09-04,2025-09-07,20.89,WH3
306,306,2025-08-07,2025-08-06,33.7,WH3
307,307,2025-09-27,2025-09-29,23.48,WH1
308,308,2025-10-08,2025-10-09,36.81,WH2
309,309,2025-07-31,2025-08-05,36.49,WH1
310,310,2025-09-17,2025-09-22,31.5,WH3
311,311,2025-09-02,2025-09-02,20.3,WH3
312,312,2025-07-01,2025-07-03,9.75,WH1
313,313,2025-09-24,2025-09-27,27.9,WH2
314,314,2025-07-19,2025-07-21,34.57,WH3
315,315,2025-07-28,2025-08-01,17.72,WH4
316,316,2025-09-09,2025-09-12,27.01,WH2
317,317,2025-09-25,2025-09-25,13.77,WH3
318,318,2025-08-03,2025-08-02,14.3,WH3
319,319,2025-08-10,2025-08-15,11.58,WH1
320,320,2025-07-30,2025-08-01,26.06,WH4
321,321,2025-09-18,2025-09-22,20.74,WH2
322,322,2025-09-04,2025-09-06,6.65,WH4
323,323,2025-07-25,2025-07-25,14.55,WH3
324,324,2025-10-09,2025-10-09,39.1,WH4
325,325,2025-07-04,2025-07-07,50.21,WH4
326,326,2025-07-30,2025-07-31,47.91,WH4
327,327,2025-07-04,2025-07-04,37.99,WH2
328,328,2025-09-10,2025-09-09,23.34,WH1
329,329,2025-07-06,2025-07-05,29.24,WH1
330,330,2025-10-10,2025-10-14,36.11,WH2
331,331,2025-08-05,2025-08-10,48.56,WH3
332,332,2025-08-19,2025-08-21,47.41,WH1
333,333,2025-10-26,2025-10-28,6.19,WH3
334,334,2025-08-28,2025-08-27,47.97,WH1
335,335,2025-09-24,2025-09-28,34.01,WH3
336,336,2025-07-22,2025-07-24,35.49,WH3
337,337,2025-09-07,2025-09-09,13.8,WH3
338,338,2025-09-19,2025-09-21,50.59,WH1
339,339,2025-08-29,2025-09-02,28.68,WH3
340,340,2025-10-17,2025-10-22,44.33,WH4
341,341,2025-07-28,2025-08-01,33.56,WH1
342,342,2025-08-11,2025-08-11,42.38,WH4
343,343,2025-10-06,2025-10-10,40.64,WH2
344,344,2025-10-23,2025-10-22,18.59,WH4
345,345,2025-09-20,2025-09-23,12.71,WH4
346,346,2025-07-29,2025-08-03,44.25,WH4
347,347,2025-10-25,2025-10-27,50.41,WH4
348,348,2025-09-29,2025-09-30,16.06,WH1
349,349,2025-08-21,2025-08-21,36.68,WH1
350,350,2025-07-30,2025-08-01,32.92,WH2
351,351,2025-07-06,2025-07-06,5.92,WH1
352,352,2025-10-01,2025-10-04,25.59,WH1
353,353,2025-07-30,2025-07-29,48.1,WH1
354,354,2025-07-25,2025-07-26,29.92,WH4
355,355,2025-08-20,2025-08-23,17.61,WH3
356,356,2025-10-10,2025-10-12,11.38,WH3
357,357,2025-09-06,2025-09-10,13.01,WH1
358,358,2025-08-21,2025-08-21,13.61,WH2
359,359,2025-07-19,2025-07-21,47.99,WH2
360,360,2025-07-07,2025-07-06,46.57,WH3
361,361,2025-07-10,2025-07-14,9.93,WH1
362,362,2025-10-20,2025-10-24,16.04,WH3
363,363,2025-08-14,2025-08-14,29.47,WH4
364,364,2025-10-17,2025-10-20,49.53,WH3
365,365,2025-07-14,2025-07-19,26.5,WH4
366,366,2025-08-30,2025-09-03,49.14,WH1
367,367,2025-09-01,2025-08-31,49.03,WH2
368,368,2025-10-11,2025-10-10,28.65,WH2
369,369,2025-09-05,2025-09-09,48.21,WH4
370,370,2025-10-18,2025-10-23,47.32,WH1
371,371,2025-07-25,2025-07-28,6.53,WH3
372,372,2025-08-17,2025-08-19,6.02,WH1
373,373,2025-08-24,2025-08-24,37.35,WH4
374,374,2025-07-25,2025-07-25,18.49,WH3
375,375,2025-08-12,2025-08-17,18.49,WH4
376,376,2025-07-03,2025-07-03,27.64,WH2
377,377,2025-07-29,2025-08-01,21.22,WH1
378,378,2025-09-23,2025-09-22,27.38,WH2
379,379,2025-08-21,2025-08-23,36.95,WH3
380,380,2025-07-05,2025-07-06,18.08,WH3
381,381,2025-07-27,2025-07-27,35.91,WH1
382,382,2025-08-03,2025-08-04,36.81,WH3
383,383,2025-07-14,2025-07-18,32.56,WH2
384,384,2025-08-12,2025-08-17,9.98,WH4
385,385,2025-07-31,2025-07-30,49.08,WH1
386,386,2025-10-23,2025-10-26,42.82,WH3
387,387,2025-08-11,2025-08-16,13.36,WH2
388,388,2025-10-18,2025-10-22,35.45,WH2
389,389,2025-07-19,2025-07-22,45.61,WH1
390,390,2025-09-05,2025-09-10,14.46,WH3
391,391,2025-09-22,2025-09-27,50.66,WH3
392,392,2025-07-07,2025-07-07,10.84,WH3
393,393,2025-08-18,2025-08-23,37.56,WH2
394,394,2025-10-17,2025-10-18,45.53,WH4
395,395,2025-09-18,2025-09-20,25.82,WH2
396,396,2025-07-08,2025-07-10,7.04,WH2
397,397,2025-08-18,2025-08-19,30.6,WH4
398,398,2025-09-17,2025-09-22,35.48,WH2
399,399,2025-08-12,2025-08-13,49.95,WH4
400,400,2025-09-10,2025-09-13,7.54,WH2
401,401,2025-09-05,2025-09-06,18.97,WH4
402,402,2025-09-30,2025-10-05,34.11,WH1
403,403,2025-10-28,2025-10-31,40.99,WH2
404,404,2025-07-11,2025-07-14,12.9,WH3
405,405,2025-10-17,2025-10-19,23.96,WH3
406,406,2025-08-09,2025-08-09,46.84,WH1
407,407,2025-09-15,2025-09-20,27.19,WH1
408,408,2025-08-16,2025-08-21,30.31,WH2
409,409,2025-08-23,2025-08-28,29.7,WH1
410,410,2025-10-24,2025-10-27,45.97,WH3
411,411,2025-09-09,2025-09-14,5.0,WH3
412,412,2025-07-12,2025-07-11,30.46,WH2
413,413,2025-08-04,2025-08-08,5.95,WH3
414,414,2025-08-11,2025-08-15,10.36,WH4
415,415,2025-08-13,2025-08-14,34.63,WH2
416,416,2025-08-19,2025-08-23,11.65,WH4
417,417,2025-07-31,2025-08-04,46.89,WH1
418,418,2025-08-25,2025-08-28,38.0,WH1
419,419,2025-10-19,2025-10-20,23.37,WH4
420,420,2025-10-20,2025-10-21,37.49,WH3
421,421,2025-08-03,2025-08-08,5.8,WH4
422,422,2025-08-30,2025-09-04,16.53,WH1
423,423,2025-09-29,2025-10-02,6.71,WH4
424,424,2025-08-19,2025-08-22,49.77,WH1
425,425,2025-10-22,2025-10-25,46.78,WH1
426,426,2025-07-12,2025-07-13,17.05,WH3
427,427,2025-08-17,2025-08-20,11.47,WH2
428,428,2025-08-15,2025-08-20,47.7,WH1
429,429,2025-10-09,2025-10-11,9.14,WH1
430,430,2025-08-01,2025-08-05,14.59,WH1
431,431,2025-08-14,2025-08-19,37.89,WH3
432,432,2025-09-23,2025-09-27,20.14,WH1
433,433,2025-07-31,2025-08-05,9.55,WH4
434,434,2025-09-19,2025-09-19,43.24,WH4
435,435,2025-08-29,2025-08-28,12.72,WH3
436,436,2025-07-28,2025-08-01,37.33,WH2
437,437,2025-10-01,2025-10-05,21.28,WH4
438,438,2025-09-24,2025-09-25,40.2,WH1
439,439,2025-10-17,2025-10-22,48.37,WH4
440,440,2025-10-24,2025-10-25,46.86,WH3
441,441,2025-08-05,2025-08-08,18.3,WH3
442,442,2025-07-09,2025-07-14,33.12,WH3
443,443,2025-09-12,2025-09-15,5.96,WH2
444,444,2025-08-14,2025-08-17,50.73,WH1
445,445,2025-08-15,2025-08-18,34.4,WH1
446,446,2025-08-21,2025-08-24,43.84,WH2
447,447,2025-09-17,2025-09-17,31.89,WH2
448,448,2025-07-21,2025-07-25,32.42,WH1
449,449,2025-10-02,2025-10-07,20.48,WH2
450,450,2025-10-19,2025-10-21,24.31,WH4
451,451,2025-10-23,2025-10-23,42.25,WH2
452,452,2025-07-19,2025-07-24,38.97,WH4
453,453,2025-10-28,2025-10-31,40.6,WH1
454,454,2025-09-05,2025-09-07,45.37,WH3
455,455,2025-09-04,2025-09-05,34.51,WH1
456,456,2025-10-14,2025-10-14,21.63,WH3
457,457,2025-08-23,2025-08-24,5.75,WH4
458,458,2025-08-01,2025-08-02,36.07,WH1
459,459,2025-10-04,2025-10-03,24.98,WH2
460,460,2025-09-17,2025-09-19,39.27,WH4
461,461,2025-07-13,2025-07-16,23.5,WH1
462,462,2025-09-09,2025-09-13,27.35,WH3
463,463,2025-09-13,2025-09-18,50.32,WH4
464,464,2025-07-18,2025-07-19,27.12,WH4
465,465,2025-07-28,2025-08-02,40.82,WH1
466,466,2025-07-06,2025-07-05,5.16,WH3
467,467,2025-09-20,2025-09-20,5.45,WH1
468,468,2025-10-12,2025-10-11,5.96,WH2
469,469,2025-09-04,2025-09-09,28.94,WH2
470,470,2025-07-31,2025-08-02,18.29,WH4
471,471,2025-09-09,2025-09-10,41.45,WH3
472,472,2025-10-01,2025-10-06,21.85,WH1
473,473,2025-10-04,2025-10-06,31.24,WH3
474,474,2025-09-07,2025-09-11,40.7,WH3
475,475,2025-10-12,2025-10-17,7.65,WH1
476,476,2025-07-23,2025-07-23,45.58,WH1
477,477,2025-09-27,2025-09-30,43.57,WH1
478,478,2025-10-18,2025-10-18,15.97,WH1
479,479,2025-07-03,2025-07-08,16.5,WH3
480,480,2025-07-06,2025-07-11,26.31,WH4
481,481,2025-08-04,2025-08-06,9.46,WH2
482,482,2025-10-27,2025-10-28,7.24,WH4
483,483,2025-10-23,2025-10-23,9.18,WH1
484,484,2025-08-16,2025-08-16,47.31,WH4
485,485,2025-07-15,2025-07-19,34.49,WH3
486,486,2025-07-24,2025-07-27,49.64,WH3
487,487,2025-09-08,2025-09-08,32.92,WH2
488,488,2025-07-16,2025-07-15,39.46,WH3
489,489,2025-07-10,2025-07-09,16.65,WH2
490,490,2025-10-15,2025-10-20,29.39,WH4
491,491,2025-10-28,2025-10-30,10.38,WH3
492,492,2025-10-23,2025-10-23,24.82,WH3
493,493,2025-09-10,2025-09-10,30.46,WH1
494,494,2025-07-06,2025-07-09,31.02,WH4
495,495,2025-09-07,2025-09-06,48.94,WH3
496,496,2025-09-07,2025-09-11,12.27,WH3
497,497,2025-09-20,2025-09-21,27.05,WH3
498,498,2025-09-19,2025-09-21,19.82,WH2
499,499,2025-07-24,2025-07-27,40.77,WH4
500,500,2025-07-09,2025-07-11,41.23,WH1
501,501,2025-10-04,2025-10-09,33.7,WH3
502,502,2025-07-18,2025-07-19,30.78,WH3
503,503,2025-09-17,2025-09-22,40.95,WH4
504,504,2025-09-28,2025-09-30,25.56,WH3
505,505,2025-08-24,2025-08-23,32.67,WH3
506,506,2025-07-19,2025-07-19,44.58,WH1
507,507,2025-08-10,2025-08-14,13.82,WH1
508,508,2025-07-20,2025-07-23,49.42,WH3
509,509,2025-10-06,2025-10-09,47.39,WH1
510,510,2025-07-06,2025-07-05,7.51,WH4
511,511,2025-10-20,2025-10-22,22.73,WH1
512,512,2025-10-22,2025-10-23,11.77,WH4
513,513,2025-10-10,2025-10-14,29.56,WH1
514,514,2025-08-11,2025-08-11,12.42,WH4
515,515,2025-07-09,2025-07-14,10.63,WH1
516,516,2025-08-26,2025-08-31,10.11,WH1
517,517,2025-08-31,2025-09-05,37.2,WH4
518,518,2025-07-02,2025-07-01,17.11,WH3
519,519,2025-08-29,2025-08-29,40.38,WH4
520,520,2025-10-12,2025-10-11,36.96,WH4
521,521,2025-10-21,2025-10-23,42.86,WH4
522,522,2025-10-07,2025-10-10,24.47,WH4
523,523,2025-07-08,2025-07-13,32.61,WH2
524,524,2025-08-31,2025-09-02,10.28,WH4
525,525,2025-07-29,2025-07-30,38.07,WH2
526,526,2025-08-31,2025-09-01,46.93,WH3
527,527,2025-08-17,2025-08-22,26.25,WH2
528,528,2025-10-28,2025-10-27,24.45,WH2
529,529,2025-07-23,2025-07-28,37.82,WH4
530,530,2025-08-12,2025-08-14,39.27,WH3
531,531,2025-08-14,2025-08-17,50.66,WH1
532,532,2025-07-31,2025-07-31,16.57,WH1
533,533,2025-09-15,2025-09-18,34.36,WH2
534,534,2025-10-03,2025-10-06,11.64,WH3
535,535,2025-07-24,2025-07-23,27.32,WH4
536,536,2025-08-07,2025-08-12,28.14,WH3
537,537,2025-10-26,2025-10-30,44.86,WH3
538,538,2025-08-12,2025-08-16,37.62,WH2
539,539,2025-09-11,2025-09-15,37.35,WH1
540,540,2025-07-14,2025-07-16,44.98,WH3
541,541,2025-08-31,2025-08-30,15.95,WH1
542,542,2025-08-03,2025-08-04,27.48,WH4
543,543,2025-08-25,2025-08-29,32.73,WH4
544,544,2025-09-25,2025-09-30,20.43,WH1
545,545,2025-08-05,2025-08-08,22.2,WH2
546,546,2025-09-29,2025-09-28,14.39,WH1
547,547,2025-08-30,2025-08-30,19.3,WH3
548,548,2025-10-16,2025-10-21,37.42,WH1
549,549,2025-09-22,2025-09-27,34.22,WH4
550,550,2025-08-28,2025-09-02,10.27,WH3
551,551,2025-07-16,2025-07-21,49.63,WH1
552,552,2025-07-16,2025-07-20,38.85,WH3
553,553,2025-09-13,2025-09-12,13.3,WH2
554,554,2025-07-17,2025-07-22,47.42,WH4
555,555,2025-09-28,2025-10-02,6.53,WH2
556,556,2025-10-18,2025-10-18,49.78,WH1
557,557,2025-09-23,2025-09-23,32.47,WH3
558,558,2025-08-19,2025-08-22,44.81,WH1
559,559,2025-07-11,2025-07-13,12.95,WH4
560,560,2025-08-18,2025-08-19,10.2,WH1
561,561,2025-07-24,2025-07-29,21.72,WH2
562,562,2025-09-25,2025-09-30,8.75,WH1
563,563,2025-08-03,2025-08-06,41.26,WH3
564,564,2025-09-04,2025-09-09,40.51,WH2
565,565,2025-09-27,2025-09-28,49.68,WH1
566,566,2025-10-26,2025-10-25,44.56,WH2
567,567,2025-10-18,2025-10-21,12.66,WH4
568,568,2025-07-19,2025-07-22,44.49,WH3
569,569,2025-07-04,2025-07-03,21.14,WH3
570,570,2025-09-26,2025-10-01,45.25,WH3
571,571,2025-07-21,2025-07-23,20.88,WH2
572,572,2025-10-18,2025-10-22,36.98,WH4
573,573,2025-07-04,2025-07-04,42.23,WH4
574,574,2025-10-20,2025-10-25,48.53,WH3
575,575,2025-09-19,2025-09-20,33.12,WH1
576,576,2025-09-20,2025-09-21,7.83,WH4
577,577,2025-09-15,2025-09-19,35.32,WH4
578,578,2025-10-20,2025-10-25,23.92,WH2
579,579,2025-07-05,2025-07-07,45.52,WH4
580,580,2025-10-05,2025-10-10,40.38,WH3
581,581,2025-09-26,2025-10-01,41.01,WH4
582,582,2025-10-02,2025-10-07,24.66,WH4
583,583,2025-07-10,2025-07-14,5.33,WH2
584,584,2025-07-29,2025-07-28,48.61,WH2
585,585,2025-07-10,2025-07-09,44.05,WH3
586,586,2025-09-17,2025-09-18,43.37,WH3
587,587,2025-09-02,2025-09-01,16.28,WH3
588,588,2025-09-12,2025-09-12,6.25,WH3
589,589,2025-07-23,2025-07-23,15.57,WH3
590,590,2025-07-30,2025-07-31,35.76,WH2
591,591,2025-07-02,2025-07-07,50.3,WH1
592,592,2025-10-09,2025-10-12,41.61,WH1
593,593,2025-10-07,2025-10-06,7.65,WH3
594,594,2025-08-02,2025-08-07,27.51,WH4
595,595,2025-07-06,2025-07-10,25.33,WH3
596,596,2025-10-26,2025-10-30,11.33,WH3
597,597,2025-09-03,2025-09-06,26.68,WH2
598,598,2025-08-22,2025-08-26,25.73,WH1
599,599,2025-08-23,2025-08-27,19.1,WH1
600,600,2025-08-20,2025-08-20,34.95,WH2
601,601,2025-09-13,2025-09-17,29.85,WH2
602,602,2025-09-09,2025-09-09,35.53,WH1
603,603,2025-10-14,2025-10-16,24.67,WH1
604,604,2025-07-20,2025-07-19,9.91,WH3
605,605,2025-08-15,2025-08-17,13.56,WH4
606,606,2025-10-07,2025-10-08,28.1,WH1
607,607,2025-10-23,2025-10-23,31.31,WH1
608,608,2025-09-24,2025-09-24,10.07,WH4
609,609,2025-08-22,2025-08-25,12.38,WH1
610,610,2025-10-17,2025-10-18,15.45,WH3
611,611,2025-08-03,2025-08-08,47.82,WH1
612,612,2025-09-21,2025-09-24,22.16,WH1
613,613,2025-08-09,2025-08-08,14.4,WH3
614,614,2025-08-25,2025-08-30,15.14,WH1
615,615,2025-10-03,2025-10-06,6.6,WH4
616,616,2025-07-16,2025-07-20,21.42,WH1
617,617,2025-07-17,2025-07-19,20.73,WH1
618,618,2025-10-20,2025-10-21,11.55,WH1
619,619,2025-08-02,2025-08-02,20.28,WH4
620,620,2025-07-03,2025-07-07,5.93,WH3
621,621,2025-09-02,2025-09-03,31.97,WH4
622,622,2025-10-20,2025-10-24,47.64,WH4
623,623,2025-10-05,2025-10-04,48.42,WH1
624,624,2025-07-12,2025-07-17,16.45,WH2
625,625,2025-10-03,2025-10-08,22.9,WH4
626,626,2025-08-28,2025-08-31,5.18,WH1
627,627,2025-07-29,2025-07-31,11.89,WH3
628,628,2025-09-10,2025-09-09,9.53,WH1
629,629,2025-08-25,2025-08-26,35.84,WH2
630,630,2025-09-09,2025-09-12,6.82,WH4
631,631,2025-09-10,2025-09-09,32.98,WH4
632,632,2025-08-03,2025-08-07,9.23,WH4
633,633,2025-10-21,2025-10-26,8.8,WH3
634,634,2025-07-04,2025-07-05,40.54,WH2
635,635,2025-09-08,2025-09-12,23.24,WH4
636,636,2025-10-27,2025-10-27,34.68,WH1
637,637,2025-10-06,2025-10-06,43.81,WH4
638,638,2025-09-13,2025-09-12,27.03,WH4
639,639,2025-09-04,2025-09-07,25.82,WH2
640,640,2025-10-14,2025-10-14,18.68,WH2
641,641,2025-09-04,2025-09-08,45.09,WH4
642,642,2025-07-13,2025-07-18,39.62,WH2
643,643,2025-09-12,2025-09-14,31.15,WH3
644,644,2025-09-17,2025-09-19,31.79,WH2
645,645,2025-07-18,2025-07-22,42.76,WH2
646,646,2025-10-11,2025-10-11,47.2,WH4
647,647,2025-09-24,2025-09-26,24.88,WH3
648,648,2025-08-03,2025-08-04,30.97,WH4
649,649,2025-08-09,2025-08-11,37.03,WH4
650,650,2025-10-07,2025-10-06,15.19,WH1
651,651,2025-08-06,2025-08-11,13.73,WH1
652,652,2025-09-15,2025-09-20,26.33,WH3
653,653,2025-07-19,2025-07-20,31.63,WH4
654,654,2025-10-24,2025-10-25,39.05,WH2
655,655,2025-08-26,2025-08-28,17.35,WH4
656,656,2025-08-25,2025-08-27,36.82,WH4
657,657,2025-09-29,2025-09-29,48.26,WH1
658,658,2025-10-07,2025-10-12,44.62,WH1
659,659,2025-09-08,2025-09-08,11.29,WH3
660,660,2025-08-30,2025-09-04,45.43,WH1
661,661,2025-08-11,2025-08-14,47.11,WH2
662,662,2025-07-30,2025-07-29,17.61,WH3
663,663,2025-09-21,2025-09-26,8.63,WH3
664,664,2025-07-01,2025-07-04,46.25,WH1
665,665,2025-10-12,2025-10-15,32.62,WH2
666,666,2025-10-22,2025-10-21,38.7,WH4
667,667,2025-08-23,2025-08-22,42.56,WH2
668,668,2025-07-03,2025-07-06,13.19,WH4
669,669,2025-09-15,2025-09-17,38.17,WH2
670,670,2025-07-09,2025-07-13,30.96,WH1
671,671,2025-09-17,2025-09-16,7.57,WH3
672,672,2025-08-05,2025-08-05,31.43,WH3
673,673,2025-08-04,2025-08-06,22.77,WH1
674,674,2025-09-29,2025-10-03,19.68,WH1
675,675,2025-08-03,2025-08-06,43.77,WH4
676,676,2025-07-29,2025-08-03,8.9,WH4
677,677,2025-07-06,2025-07-10,40.24,WH2
678,678,2025-07-11,2025-07-10,18.94,WH2
679,679,2025-09-14,2025-09-14,15.8,WH4
680,680,2025-07-23,2025-07-24,9.31,WH1
681,681,2025-08-15,2025-08-19,10.56,WH2
682,682,2025-10-07,2025-10-07,17.87,WH2
683,683,2025-07-07,2025-07-06,30.19,WH3
684,684,2025-10-06,2025-10-10,39.44,WH3
685,685,2025-08-02,2025-08-03,27.96,WH2
686,686,2025-09-14,2025-09-16,8.02,WH2
687,687,2025-09-01,2025-09-02,13.56,WH2
688,688,2025-07-21,2025-07-26,28.54,WH3
689,689,2025-08-01,2025-08-06,9.58,WH1
690,690,2025-07-07,2025-07-12,35.16,WH4
691,691,2025-08-11,2025-08-16,22.22,WH3
692,692,2025-07-08,2025-07-12,35.6,WH1
693,693,2025-08-22,2025-08-21,5.2,WH4
694,694,2025-09-03,2025-09-07,41.88,WH1
695,695,2025-09-30,2025-10-05,20.99,WH1
696,696,2025-08-19,2025-08-19,25.36,WH1
697,697,2025-07-21,2025-07-25,10.47,WH2
698,698,2025-07-11,2025-07-10,19.85,WH1
699,699,2025-09-05,2025-09-10,33.1,WH3
700,700,2025-10-16,2025-10-18,40.47,WH1
701,701,2025-07-11,2025-07-15,27.0,WH1
702,702,2025-07-24,2025-07-23,45.16,WH4
703,703,2025-08-30,2025-09-02,21.2,WH2
704,704,2025-10-13,2025-10-17,20.05,WH2
705,705,2025-07-20,2025-07-23,16.62,WH1
706,706,2025-07-25,2025-07-26,49.72,WH2
707,707,2025-08-04,2025-08-04,28.67,WH2
708,708,2025-10-11,2025-10-14,47.16,WH3
709,709,2025-07-11,2025-07-14,9.31,WH1
710,710,2025-08-21,2025-08-23,8.37,WH1
711,711,2025-10-25,2025-10-30,36.43,WH2
712,712,2025-08-17,2025-08-18,20.22,WH3
713,713,2025-07-20,2025-07-21,19.06,WH3
714,714,2025-07-04,2025-07-08,38.45,WH2
715,715,2025-09-01,2025-09-06,29.27,WH3
716,716,2025-07-21,2025-07-24,45.41,WH3
717,717,2025-10-27,2025-10-27,49.83,WH2
718,718,2025-10-10,2025-10-15,23.46,WH4
719,719,2025-09-23,2025-09-22,46.37,WH1
720,720,2025-09-18,2025-09-20,6.38,WH4
721,721,2025-09-19,2025-09-22,30.07,WH4
722,722,2025-10-28,2025-10-30,29.82,WH4
723,723,2025-10-21,2025-10-20,41.82,WH3
724,724,2025-10-13,2025-10-14,34.6,WH1
725,725,2025-09-12,2025-09-16,50.11,WH3
726,726,2025-09-25,2025-09-25,40.05,WH2
727,727,2025-10-05,2025-10-10,9.38,WH2
728,728,2025-07-26,2025-07-29,17.89,WH1
729,729,2025-07-04,2025-07-05,39.53,WH3
730,730,2025-07-06,2025-07-06,26.55,WH2
731,731,2025-09-24,2025-09-29,50.02,WH1
732,732,2025-08-20,2025-08-20,31.44,WH4
733,733,2025-07-25,2025-07-28,47.74,WH4
734,734,2025-07-03,2025-07-04,32.13,WH4
735,735,2025-08-30,2025-09-01,48.85,WH3
736,736,2025-07-21,2025-07-20,6.46,WH1
737,737,2025-08-19,2025-08-18,10.56,WH4
738,738,2025-07-12,2025-07-16,20.76,WH1
739,739,2025-08-13,2025-08-17,49.88,WH4
740,740,2025-07-11,2025-07-13,9.06,WH3
741,741,2025-10-02,2025-10-02,27.82,WH2
742,742,2025-07-05,2025-07-08,29.59,WH3
743,743,2025-10-23,2025-10-23,30.62,WH3
744,744,2025-07-06,2025-07-07,35.68,WH3
745,745,2025-09-12,2025-09-14,25.59,WH3
746,746,2025-10-28,2025-10-31,5.53,WH3
747,747,2025-08-20,2025-08-23,6.91,WH1
748,748,2025-08-31,2025-09-03,10.25,WH3
749,749,2025-10-05,2025-10-09,21.16,WH1
750,750,2025-08-16,2025-08-16,18.43,WH1
751,751,2025-09-28,2025-09-27,8.86,WH1
752,752,2025-07-13,2025-07-13,29.38,WH2
753,753,2025-09-21,2025-09-20,47.01,WH3
754,754,2025-08-06,2025-08-06,40.07,WH2
755,755,2025-10-22,2025-10-25,24.86,WH4
756,756,2025-08-01,2025-08-04,33.64,WH2
757,757,2025-09-22,2025-09-25,38.31,WH1
758,758,2025-09-25,2025-09-28,44.53,WH4
759,759,2025-09-07,2025-09-06,27.28,WH4
760,760,2025-08-05,2025-08-06,12.0,WH1
761,761,2025-08-14,2025-08-16,31.44,WH3
762,762,2025-08-06,2025-08-10,13.67,WH1
763,763,2025-08-07,2025-08-10,12.29,WH1
764,764,2025-10-16,2025-10-19,5.13,WH2
765,765,2025-10-07,2025-10-08,25.27,WH2
766,766,2025-09-24,2025-09-23,14.71,WH1
767,767,2025-08-25,2025-08-27,49.26,WH4
768,768,2025-08-27,2025-08-30,16.57,WH1
769,769,2025-09-17,2025-09-20,20.84,WH3
770,770,2025-08-21,2025-08-21,22.5,WH4
771,771,2025-10-22,2025-10-22,28.34,WH4
772,772,2025-09-18,2025-09-22,8.78,WH4
773,773,2025-07-23,2025-07-27,7.68,WH2
774,774,2025-08-13,2025-08-12,24.08,WH4
775,775,2025-08-16,2025-08-21,32.79,WH3
776,776,2025-08-17,2025-08-19,34.98,WH2
777,777,2025-07-26,2025-07-26,24.7,WH4
778,778,2025-09-18,2025-09-22,14.27,WH3
779,779,2025-08-14,2025-08-13,15.65,WH4
780,780,2025-08-04,2025-08-06,50.29,WH4
781,781,2025-08-14,2025-08-18,45.57,WH2
782,782,2025-09-26,2025-09-25,31.35,WH4
783,783,2025-08-19,2025-08-21,18.3,WH1
784,784,2025-09-20,2025-09-20,25.21,WH1
785,785,2025-07-16,2025-07-17,44.74,WH2
786,786,2025-07-03,2025-07-06,12.28,WH2
787,787,2025-10-27,2025-10-29,14.5,WH4
788,788,2025-08-28,2025-08-31,37.73,WH3
789,789,2025-09-20,2025-09-24,26.33,WH4
790,790,2025-08-20,2025-08-25,5.56,WH3
791,791,2025-09-08,2025-09-09,18.61,WH2
792,792,2025-10-20,2025-10-23,27.14,WH2
793,793,2025-09-06,2025-09-05,42.94,WH2
794,794,2025-09-04,2025-09-09,31.53,WH3
795,795,2025-08-28,2025-08-27,46.21,WH3
796,796,2025-07-30,2025-07-31,28.62,WH2
797,797,2025-07-11,2025-07-11,49.44,WH4
798,798,2025-09-12,2025-09-14,23.63,WH1
799,799,2025-10-13,2025-10-18,39.78,WH1
800,800,2025-09-09,2025-09-13,47.35,WH2
801,801,2025-09-18,2025-09-18,25.0,WH4
802,802,2025-10-16,2025-10-21,40.38,WH4
803,803,2025-09-14,2025-09-19,45.38,WH1
804,804,2025-10-13,2025-10-17,25.32,WH1
805,805,2025-08-31,2025-08-30,47.25,WH1
806,806,2025-09-01,2025-09-01,50.43,WH2
807,807,2025-08-20,2025-08-24,14.11,WH2
808,808,2025-08-08,2025-08-07,25.03,WH2
809,809,2025-09-30,2025-10-03,22.41,WH3
810,810,2025-09-05,2025-09-05,50.35,WH2
811,811,2025-07-14,2025-07-17,38.74,WH4
812,812,2025-09-08,2025-09-11,32.8,WH2
813,813,2025-07-16,2025-07-17,5.61,WH1
814,814,2025-08-17,2025-08-18,36.98,WH3
815,815,2025-07-20,2025-07-21,38.58,WH4
816,816,2025-08-03,2025-08-03,16.07,WH4
817,817,2025-07-08,2025-07-12,35.62,WH4
818,818,2025-08-01,2025-08-03,29.21,WH4
819,819,2025-10-13,2025-10-12,9.93,WH3
820,820,2025-09-25,2025-09-28,5.82,WH3
821,821,2025-07-18,2025-07-19,50.56,WH1
822,822,2025-09-15,2025-09-15,21.4,WH4
823,823,2025-09-21,2025-09-25,33.87,WH2
824,824,2025-08-28,2025-08-28,7.31,WH4
825,825,2025-09-24,2025-09-24,37.21,WH4
826,826,2025-07-21,2025-07-20,14.06,WH4
827,827,2025-07-12,2025-07-11,28.22,WH4
828,828,2025-09-16,2025-09-20,30.26,WH2
829,829,2025-10-08,2025-10-11,17.46,WH1
830,830,2025-09-13,2025-09-15,38.89,WH4
831,831,2025-10-10,2025-10-10,13.52,WH3
832,832,2025-07-25,2025-07-28,27.82,WH3
833,833,2025-10-25,2025-10-26,5.98,WH1
834,834,2025-08-21,2025-08-26,8.98,WH3
835,835,2025-07-29,2025-07-30,41.85,WH2
836,836,2025-09-06,2025-09-10,20.26,WH1
837,837,2025-09-28,2025-09-27,20.16,WH4
838,838,2025-09-21,2025-09-22,49.42,WH3
839,839,2025-08-22,2025-08-24,31.5,WH1
840,840,2025-10-19,2025-10-18,47.44,WH1
841,841,2025-09-17,2025-09-18,26.73,WH2
842,842,2025-07-09,2025-07-11,40.93,WH1
843,843,2025-08-20,2025-08-25,8.03,WH3
844,844,2025-07-10,2025-07-10,35.22,WH2
845,845,2025-09-02,2025-09-06,8.68,WH1
846,846,2025-07-08,2025-07-12,18.67,WH1
847,847,2025-08-03,2025-08-03,42.0,WH1
848,848,2025-07-10,2025-07-14,23.54,WH2
849,849,2025-07-28,2025-07-27,43.72,WH2
850,850,2025-07-04,2025-07-05,16.21,WH3
851,851,2025-08-07,2025-08-11,21.59,WH4
852,852,2025-08-17,2025-08-16,39.43,WH4
853,853,2025-08-08,2025-08-13,26.95,WH1
854,854,2025-07-12,2025-07-14,29.65,WH1
855,855,2025-08-20,2025-08-19,13.81,WH3
856,856,2025-08-02,2025-08-01,48.27,WH1
857,857,2025-09-06,2025-09-10,43.47,WH4
858,858,2025-08-21,2025-08-24,16.12,WH4
859,859,2025-10-07,2025-10-12,24.95,WH4
860,860,2025-09-17,2025-09-22,50.91,WH2
861,861,2025-08-02,2025-08-03,49.17,WH3
862,862,2025-07-13,2025-07-18,30.75,WH4
863,863,2025-09-16,2025-09-21,46.33,WH2
864,864,2025-10-20,2025-10-20,50.45,WH1
865,865,2025-09-14,2025-09-18,38.49,WH4
866,866,2025-07-09,2025-07-10,24.34,WH1
867,867,2025-09-14,2025-09-15,48.42,WH1
868,868,2025-08-07,2025-08-11,48.34,WH3
869,869,2025-09-21,2025-09-26,17.36,WH2
870,870,2025-07-28,2025-07-30,32.84,WH3
871,871,2025-08-06,2025-08-11,12.16,WH3
872,872,2025-10-12,2025-10-12,48.68,WH3
873,873,2025-09-06,2025-09-10,26.54,WH3
874,874,2025-09-06,2025-09-08,8.48,WH1
875,875,2025-08-01,2025-08-01,25.91,WH2
876,876,2025-08-15,2025-08-19,40.62,WH2
877,877,2025-08-12,2025-08-14,30.79,WH1
878,878,2025-07-16,2025-07-19,35.62,WH3
879,879,2025-09-16,2025-09-19,5.48,WH1
880,880,2025-09-07,2025-09-09,10.18,WH4
881,881,2025-09-27,2025-09-28,12.99,WH1
882,882,2025-10-18,2025-10-21,44.28,WH2
883,883,2025-10-16,2025-10-16,16.05,WH1
884,884,2025-08-16,2025-08-15,45.4,WH3
885,885,2025-10-27,2025-10-28,9.56,WH4
886,886,2025-10-28,2025-10-31,26.47,WH3
887,887,2025-07-27,2025-08-01,43.97,WH1
888,888,2025-07-18,2025-07-21,39.09,WH3
889,889,2025-09-24,2025-09-23,8.23,WH1
890,890,2025-08-12,2025-08-16,42.01,WH1
891,891,2025-10-02,2025-10-05,6.91,WH1
892,892,2025-10-17,2025-10-21,46.25,WH1
893,893,2025-09-10,2025-09-09,5.77,WH3
894,894,2025-10-14,2025-10-16,23.68,WH1
895,895,2025-07-24,2025-07-27,37.24,WH1
896,896,2025-08-16,2025-08-19,43.32,WH2
897,897,2025-08-01,2025-07-31,7.3,WH1
898,898,2025-07-30,2025-07-30,22.62,WH3
899,899,2025-09-26,2025-09-27,5.79,WH1
900,900,2025-07-16,2025-07-21,23.94,WH2
901,901,2025-09-30,2025-10-02,20.63,WH4
902,902,2025-10-22,2025-10-25,11.38,WH2
903,903,2025-09-20,2025-09-21,16.49,WH1
904,904,2025-07-14,2025-07-19,25.23,WH2
905,905,2025-07-15,2025-07-16,28.91,WH4
906,906,2025-07-30,2025-08-03,32.22,WH2
907,907,2025-07-14,2025-07-16,43.63,WH1
908,908,2025-09-17,2025-09-16,38.08,WH4
909,909,2025-08-09,2025-08-13,29.94,WH3
910,910,2025-07-25,2025-07-25,9.21,WH3
911,911,2025-09-10,2025-09-11,19.76,WH2
912,912,2025-07-21,2025-07-22,22.47,WH3
913,913,2025-10-18,2025-10-22,30.61,WH3
914,914,2025-09-26,2025-09-25,41.53,WH4
915,915,2025-10-19,2025-10-20,23.81,WH4
916,916,2025-10-19,2025-10-23,45.07,WH1
917,917,2025-08-12,2025-08-16,16.3,WH2
918,918,2025-08-16,2025-08-16,5.68,WH3
919,919,2025-08-06,2025-08-05,37.86,WH4
920,920,2025-08-19,2025-08-20,20.57,WH3
921,921,2025-09-04,2025-09-04,10.73,WH3
922,922,2025-08-08,2025-08-10,38.42,WH3
923,923,2025-09-29,2025-09-28,28.53,WH1
924,924,2025-09-23,2025-09-25,23.05,WH2
925,925,2025-07-08,2025-07-08,7.42,WH4
926,926,2025-09-23,2025-09-28,9.49,WH1
927,927,2025-07-31,2025-07-31,8.98,WH3
928,928,2025-09-24,2025-09-24,27.38,WH4
929,929,2025-07-30,2025-08-04,13.13,WH2
930,930,2025-10-12,2025-10-16,25.07,WH4
931,931,2025-10-24,2025-10-29,19.02,WH4
932,932,2025-10-16,2025-10-20,34.46,WH4
933,933,2025-08-18,2025-08-23,12.54,WH3
934,934,2025-08-25,2025-08-25,7.78,WH1
935,935,2025-09-02,2025-09-07,37.59,WH2
936,936,2025-09-26,2025-09-25,30.19,WH3
937,937,2025-08-15,2025-08-20,11.2,WH4
938,938,2025-07-28,2025-07-30,35.91,WH1
939,939,2025-07-19,2025-07-22,37.66,WH4
940,940,2025-07-03,2025-07-08,29.0,WH1
941,941,2025-08-03,2025-08-05,28.09,WH1
942,942,2025-07-30,2025-07-31,12.88,WH1
943,943,2025-08-23,2025-08-22,32.32,WH3
944,944,2025-08-20,2025-08-25,27.3,WH1
945,945,2025-08-26,2025-08-28,22.07,WH3
946,946,2025-09-24,2025-09-29,11.18,WH4
947,947,2025-08-29,2025-08-28,45.38,WH4
948,948,2025-09-19,2025-09-18,31.7,WH4
949,949,2025-07-19,2025-07-18,17.27,WH4
950,950,2025-08-15,2025-08-15,16.04,WH1
951,951,2025-10-07,2025-10-10,16.25,WH3
952,952,2025-08-07,2025-08-09,23.03,WH4
953,953,2025-07-23,2025-07-25,12.46,WH4
954,954,2025-10-06,2025-10-08,42.61,WH2
955,955,2025-07-20,2025-07-22,13.69,WH1
956,956,2025-10-17,2025-10-20,50.56,WH2
957,957,2025-09-27,2025-09-30,34.75,WH4
958,958,2025-09-27,2025-10-02,25.36,WH1
959,959,2025-09-22,2025-09-21,12.42,WH4
960,960,2025-10-08,2025-10-09,40.25,WH4
961,961,2025-07-29,2025-07-30,14.32,WH1
962,962,2025-09-07,2025-09-09,37.12,WH1
963,963,2025-09-01,2025-09-05,47.02,WH1
964,964,2025-08-18,2025-08-22,41.88,WH3
965,965,2025-10-09,2025-10-08,6.1,WH1
966,966,2025-09-11,2025-09-12,21.38,WH2
967,967,2025-08-11,2025-08-10,33.18,WH2
968,968,2025-10-15,2025-10-18,26.96,WH3
969,969,2025-08-06,2025-08-10,25.16,WH3
970,970,2025-09-27,2025-09-29,17.16,WH4
971,971,2025-10-08,2025-10-08,5.42,WH4
972,972,2025-10-09,2025-10-13,8.68,WH4
973,973,2025-09-13,2025-09-13,35.52,WH4
974,974,2025-10-07,2025-10-09,20.15,WH3
975,975,2025-09-05,2025-09-06,43.73,WH2
976,976,2025-07-17,2025-07-17,47.26,WH1
977,977,2025-08-09,2025-08-10,30.7,WH3
978,978,2025-09-25,2025-09-26,49.35,WH1
979,979,2025-08-11,2025-08-16,26.96,WH2
980,980,2025-08-07,2025-08-06,39.62,WH3
981,981,2025-07-13,2025-07-13,47.46,WH1
982,982,2025-09-25,2025-09-24,9.61,WH3
983,983,2025-08-23,2025-08-24,42.71,WH3
984,984,2025-09-08,2025-09-07,21.38,WH3
985,985,2025-07-05,2025-07-07,39.08,WH3
986,986,2025-08-19,2025-08-24,43.51,WH4
987,987,2025-09-29,2025-10-02,46.37,WH4
988,988,2025-08-21,2025-08-25,5.38,WH1
989,989,2025-09-05,2025-09-05,39.25,WH4
990,990,2025-10-05,2025-10-08,20.93,WH3
991,991,2025-07-21,2025-07-26,15.13,WH3
992,992,2025-07-31,2025-08-03,25.31,WH1
993,993,2025-07-18,2025-07-17,9.83,WH3
994,994,2025-07-06,2025-07-07,14.6,WH3
995,995,2025-10-15,2025-10-14,32.81,WH1
996,996,2025-08-10,2025-08-10,29.28,WH3
997,997,2025-07-03,2025-07-05,41.0,WH4
998,998,2025-07-12,2025-07-17,15.38,WH1
999,999,2025-09-14,2025-09-16,31.26,WH3
1000,1000,2025-07-24,2025-07-24,41.69,WH4
