order_id,product_id,quantity,price
1,28,8,196.06
1,39,5,235.11
1,35,9,489.75
1,50,9,285.49
2,26,7,20.21
2,24,9,99.54
2,20,8,132.81
3,17,3,327.08
3,10,9,131.71
3,38,5,453.02
4,18,9,133.73
4,43,9,33.81
5,42,10,115.93
5,2,2,363.37
5,37,5,254.29
5,45,3,170.61
5,34,8,175.43
6,20,5,293.16
6,27,7,442.0
6,27,8,104.85
7,26,3,216.92
7,4,5,219.48
7,49,10,201.7
7,22,6,275.43
8,31,8,325.57
8,48,2,377.47
8,29,3,63.41
8,5,6,25.39
9,44,1,466.35
9,25,4,383.96
9,32,7,11.11
9,4,3,21.21
10,47,9,406.96
10,11,4,468.52
10,11,1,433.64
11,31,6,449.9
11,28,8,269.45
11,46,2,437.24
11,26,2,72.05
11,48,7,251.97
12,33,4,330.47
12,44,7,271.05
12,27,1,186.07
12,39,1,157.93
13,34,1,73.11
13,19,4,55.01
13,10,9,443.12
14,3,2,295.16
14,47,4,62.39
14,49,1,57.68
14,1,10,470.0
14,11,10,21.18
15,42,9,374.82
15,33,1,411.59
15,5,1,37.2
15,23,6,274.25
15,46,7,258.32
16,33,2,477.54
16,23,2,141.93
16,12,8,48.22
17,50,2,207.7
17,26,8,23.77
17,1,5,235.83
18,10,2,72.74
18,43,3,360.94
18,15,8,365.37
18,36,4,44.38
18,35,3,282.63
19,35,1,370.46
19,20,3,77.73
19,43,7,44.74
19,4,8,14.5
19,35,6,237.41
20,25,9,160.85
20,38,10,155.91
21,48,5,339.16
22,50,6,181.62
22,41,8,497.22
23,2,10,29.06
23,11,10,269.99
23,27,8,73.59
23,50,7,342.72
23,45,8,80.04
24,1,2,110.08
24,31,9,499.16
24,15,10,369.75
24,8,2,380.01
25,10,8,85.94
25,1,10,431.94
26,41,6,33.38
26,47,5,17.46
26,36,8,227.58
27,50,2,150.23
27,27,9,162.09
27,7,2,154.59
28,29,1,40.2
28,49,1,145.17
28,9,6,213.42
28,16,5,360.23
28,48,1,484.1
29,45,5,121.5
29,44,2,25.68
30,20,1,290.53
30,21,10,471.02
30,38,3,22.9
30,17,8,30.76
30,38,1,408.09
31,10,5,404.3
32,5,3,434.67
32,2,2,321.62
32,44,7,86.61
32,45,4,322.16
32,4,8,426.32
33,7,9,105.01
34,49,4,370.36
35,36,4,98.35
35,18,9,195.39
35,47,4,240.85
36,43,2,37.8
36,34,6,314.28
36,8,5,220.67
36,1,6,309.83
36,21,6,457.44
37,21,2,162.6
37,50,2,157.79
37,8,8,106.31
37,12,5,267.34
37,36,3,135.73
38,24,8,276.85
39,27,4,227.46
39,38,7,469.57
39,17,5,308.01
39,13,3,43.23
39,44,3,147.93
40,18,4,392.47
40,39,8,338.94
41,8,6,365.28
41,39,1,356.59
42,2,5,189.93
42,39,8,41.51
43,31,5,15.41
43,24,1,63.73
43,29,9,52.32
43,28,1,178.44
44,13,6,400.52
44,38,8,201.93
45,15,8,157.43
45,12,2,225.06
45,20,2,322.76
45,32,7,16.11
46,29,3,180.95
46,7,5,358.4
46,39,5,119.41
47,24,2,70.03
48,17,4,451.89
48,40,3,287.83
48,38,9,344.02
48,25,4,270.66
48,38,3,171.27
49,24,9,33.23
49,4,4,448.65
49,7,5,469.24
50,20,8,379.66
50,44,8,459.71
50,45,4,101.87
50,22,9,52.41
51,45,10,205.24
51,48,2,180.03
51,1,10,388.26
52,38,4,452.07
52,3,5,65.18
53,19,8,485.92
53,17,7,310.52
53,23,4,422.42
54,40,9,368.97
55,5,4,14.39
55,34,1,238.13
55,23,5,279.76
56,41,1,176.46
56,9,8,484.13
56,44,6,257.02
56,29,7,246.83
56,27,5,84.96
57,7,1,458.42
57,31,8,401.38
57,2,1,415.67
58,1,7,400.95
59,36,1,168.0
59,48,1,215.22
59,33,6,14.07
59,50,1,97.95
60,1,6,187.65
60,18,6,45.52
60,20,4,481.67
60,17,10,318.91
61,6,8,490.64
61,27,6,96.77
61,36,7,264.1
61,15,3,47.34
61,40,7,390.3
62,37,8,304.5
63,24,9,477.2
63,2,2,391.85
63,34,4,479.68
63,1,7,428.63
64,12,2,158.52
64,4,6,68.27
64,44,9,47.73
65,2,1,444.17
66,10,4,188.11
66,15,2,318.61
66,48,10,254.18
66,26,2,492.19
67,47,5,98.46
67,33,4,234.43
67,29,5,248.18
67,18,2,248.12
68,9,5,211.15
68,48,2,347.28
68,9,1,82.38
69,30,9,109.83
70,15,5,312.5
70,23,4,132.95
70,16,4,19.78
70,11,3,336.83
70,2,7,29.37
71,20,9,298.09
71,17,1,270.38
71,12,10,381.98
71,20,10,16.43
71,50,9,75.84
72,3,4,472.64
72,30,7,317.92
72,26,3,414.68
73,48,5,282.54
73,2,1,486.69
73,23,7,20.06
73,41,6,433.04
74,47,6,437.9
74,17,8,274.97
74,30,6,318.3
74,4,1,461.25
75,41,3,128.29
75,47,5,316.84
76,13,6,31.9
76,4,5,489.99
77,33,4,443.38
77,15,8,138.25
77,27,8,12.53
77,40,9,130.09
77,46,5,488.77
78,6,4,44.94
78,3,4,475.4
78,9,4,354.0
78,43,7,370.9
78,2,5,300.74
79,7,8,156.86
79,6,6,48.34
79,39,6,492.05
80,12,2,477.77
80,48,7,186.65
81,18,7,139.2
81,9,2,452.26
82,12,6,169.99
82,20,6,277.0
82,38,9,61.73
82,23,5,34.39
83,30,10,98.83
83,9,5,395.2
84,26,5,244.51
84,36,8,192.1
84,39,4,383.13
84,11,8,117.49
85,18,2,395.81
86,3,10,334.72
86,48,5,498.79
86,2,8,457.42
86,40,6,167.89
86,41,6,208.66
87,46,9,198.37
87,38,10,121.04
87,23,3,457.18
87,49,9,364.14
87,12,9,138.71
88,28,1,403.09
88,49,6,329.11
88,45,8,126.26
88,29,6,275.8
89,23,1,315.36
89,15,4,308.49
89,3,3,81.25
89,36,6,27.95
89,42,1,402.8
90,42,5,375.46
91,17,4,442.01
91,30,7,338.11
91,2,2,174.21
91,43,9,399.52
92,3,4,53.95
93,43,5,74.82
94,15,6,465.56
94,5,2,403.06
94,8,6,464.17
94,7,3,115.04
95,2,8,436.45
95,47,9,95.24
96,2,7,80.29
97,22,8,438.23
97,28,6,428.39
98,32,4,318.24
98,8,6,194.99
98,7,3,455.05
98,30,7,478.54
98,31,7,336.46
99,49,10,479.02
99,2,2,483.09
99,9,5,86.17
99,3,10,470.07
99,20,4,487.11
100,30,8,322.54
101,30,10,119.59
101,21,4,236.91
101,15,2,358.52
101,9,8,72.32
102,37,9,69.09
102,25,2,10.56
103,46,2,138.8
103,34,10,47.5
103,37,8,202.28
103,10,8,66.04
103,18,1,72.5
104,50,1,66.74
104,35,9,282.31
104,25,7,423.93
104,46,2,114.62
104,13,3,389.62
105,32,6,321.76
106,26,5,470.61
107,50,10,10.72
107,35,6,146.42
107,42,6,453.44
107,7,10,122.04
107,40,8,243.83
108,38,3,176.61
109,1,1,448.41
109,3,1,458.5
109,26,4,85.37
110,7,5,409.33
110,49,7,438.5
110,43,6,230.12
110,15,10,93.21
110,15,7,408.35
111,39,7,116.28
111,22,6,499.71
111,10,7,90.7
112,34,7,243.7
112,14,5,65.58
112,43,6,313.83
112,13,5,363.06
112,24,4,191.31
113,33,8,87.91
113,50,8,347.04
113,41,9,469.45
113,19,7,234.37
114,18,6,186.2
114,10,10,292.01
114,26,1,152.01
114,37,2,425.91
114,31,7,91.79
115,47,7,475.33
115,33,8,360.77
115,30,10,454.68
115,9,3,59.33
115,11,2,305.81
116,43,5,163.53
116,7,9,247.01
116,18,7,155.44
117,36,9,19.34
117,30,1,68.55
117,23,8,361.72
117,46,8,73.63
118,48,7,127.59
119,11,6,83.39
119,42,7,153.23
120,12,6,148.02
120,19,2,191.2
120,21,2,15.85
121,17,2,453.35
122,46,10,86.86
123,12,7,94.22
123,19,9,418.97
124,16,7,20.68
124,10,2,51.72
125,30,5,202.59
125,9,3,290.91
125,11,5,458.11
125,26,10,399.41
125,2,9,273.73
126,16,5,437.48
126,31,2,181.34
126,5,8,173.79
126,30,2,353.33
126,50,7,429.57
127,10,5,192.45
128,39,6,40.15
129,6,2,82.33
129,14,4,161.87
129,32,3,493.29
129,30,4,482.47
130,29,5,491.87
131,37,4,195.85
131,6,9,58.89
131,11,4,469.32
131,22,5,23.52
131,50,5,421.82
132,11,7,208.72
132,14,1,332.61
133,46,3,193.67
133,20,5,200.37
134,22,5,191.07
134,29,5,393.09
134,33,2,391.42
135,46,6,347.27
136,44,10,470.75
137,9,3,16.18
137,5,4,84.46
138,38,6,26.12
138,11,2,87.78
139,37,4,374.22
139,15,4,31.7
140,6,10,285.72
140,36,4,191.53
141,26,7,160.24
141,8,4,269.5
141,48,4,122.15
141,17,8,116.25
142,12,3,231.03
143,32,10,273.88
143,38,1,312.13
143,18,5,431.74
144,47,9,43.5
145,8,3,220.76
145,23,3,459.71
145,22,9,92.25
145,1,4,331.04
145,45,5,194.56
146,9,10,353.63
147,15,9,457.24
147,28,6,317.88
148,49,4,29.02
148,32,4,269.27
148,1,2,97.48
149,18,3,435.89
149,25,6,292.78
149,13,5,474.78
149,47,3,465.62
150,46,5,41.14
150,28,9,197.22
150,14,8,274.73
151,42,4,451.59
151,42,9,155.49
151,46,2,25.82
151,30,4,290.8
151,41,9,140.47
152,41,5,276.92
152,49,7,299.88
152,4,7,416.48
152,24,1,148.57
152,41,5,285.27
153,19,4,55.58
154,2,8,285.14
155,31,4,373.58
155,46,4,197.68
156,50,10,244.71
156,13,10,242.78
156,21,1,130.09
156,4,10,280.18
157,25,2,366.07
157,47,7,177.84
157,13,2,72.75
158,10,7,144.36
158,47,2,284.24
158,42,5,136.26
159,20,1,226.73
159,25,3,52.9
159,17,7,236.64
159,37,9,40.58
159,43,6,77.53
160,12,6,452.38
161,15,3,458.65
161,50,8,176.86
161,38,4,237.09
161,32,7,363.25
162,18,5,451.26
162,41,7,400.69
163,38,8,462.74
163,49,3,492.25
163,21,5,372.37
163,48,2,452.42
163,32,6,160.33
164,40,8,318.29
164,9,4,249.08
164,3,7,235.05
165,40,7,391.34
165,27,5,412.59
166,29,8,323.42
166,17,5,306.99
167,19,10,183.47
167,15,1,362.72
168,11,1,354.92
168,33,1,127.75
169,49,9,129.88
169,42,1,489.17
170,48,9,391.62
170,21,9,421.53
170,32,7,377.69
170,33,3,237.95
171,47,6,491.89
172,45,2,290.79
172,41,4,29.04
173,42,8,395.54
174,45,4,288.82
174,30,3,49.81
174,22,5,128.84
174,31,10,146.13
174,14,2,287.6
175,9,10,235.52
175,15,7,20.77
176,44,10,295.02
177,3,9,276.49
177,21,10,404.01
177,40,4,333.33
177,21,10,486.82
177,33,3,320.07
178,12,8,32.22
178,37,5,400.12
178,12,7,34.64
179,26,5,332.33
179,10,1,328.87
179,29,2,367.81
180,21,4,67.18
180,7,1,408.54
181,1,6,377.79
181,30,2,336.21
181,35,7,278.12
181,44,3,71.87
181,29,6,55.86
182,31,9,35.57
182,15,4,498.85
182,5,8,418.29
183,17,6,75.82
184,36,4,487.28
185,39,2,498.73
185,29,7,426.54
185,14,10,354.55
185,3,4,42.31
186,31,10,421.71
186,2,6,294.43
186,43,6,309.53
186,49,4,302.29
186,13,8,234.24
187,49,8,246.29
188,14,8,99.67
188,23,10,471.57
188,28,7,346.58
188,49,2,300.83
189,13,10,356.47
190,20,5,166.58
190,17,7,146.4
191,38,8,294.48
191,29,4,393.61
191,45,8,467.68
192,35,4,332.48
192,4,1,70.15
192,13,7,275.03
193,22,3,327.35
194,26,1,55.6
194,11,2,175.3
195,36,9,402.98
196,16,6,36.59
197,5,9,165.81
198,45,7,60.54
198,33,4,143.83
198,49,5,291.15
199,14,4,385.75
199,3,8,442.99
199,3,8,156.46
200,7,8,221.15
200,37,6,62.55
200,32,10,236.21
200,7,9,289.58
200,6,5,336.72
201,44,10,368.05
201,13,8,199.14
201,19,8,60.97
201,26,5,15.9
201,15,7,208.89
202,24,3,138.97
202,15,3,115.95
202,30,7,420.29
202,11,8,331.7
203,21,5,118.77
204,41,2,201.33
204,49,4,345.24
204,39,6,214.49
205,31,1,106.32
205,37,10,149.47
206,44,7,298.06
207,12,1,117.74
207,11,4,95.41
207,14,9,442.43
207,13,4,229.99
207,21,5,415.59
208,40,10,291.1
209,30,4,50.56
209,5,10,288.25
210,7,3,39.67
210,25,10,350.72
210,12,2,175.58
210,37,3,317.02
211,49,4,385.92
211,19,3,381.77
211,20,2,71.55
211,8,2,131.89
211,10,9,64.12
212,31,10,423.31
212,21,5,179.96
212,17,6,239.94
212,15,4,361.08
212,26,9,449.87
213,21,8,301.95
213,9,1,342.4
214,1,7,83.88
214,36,10,26.31
214,48,1,22.98
214,43,3,391.36
214,39,8,283.54
215,11,3,340.27
215,27,8,351.27
215,8,4,445.64
215,21,3,361.14
215,4,5,191.06
216,21,2,334.94
216,37,6,413.9
217,11,7,447.71
217,37,1,89.75
217,14,3,500.37
217,11,1,243.15
217,13,3,132.1
218,46,5,274.44
218,19,8,480.24
218,5,2,395.77
218,22,7,148.86
219,14,7,14.79
219,35,10,214.85
219,30,6,140.31
219,38,8,389.19
219,25,2,251.51
220,9,9,203.13
221,15,10,486.43
221,15,2,204.31
221,36,6,328.66
221,15,5,182.59
221,30,7,189.28
222,42,3,455.27
222,24,5,267.51
223,39,10,253.98
224,21,8,50.31
225,4,5,434.85
226,41,9,287.23
226,8,5,360.24
226,46,10,473.42
226,38,6,156.35
226,27,5,216.76
227,30,1,369.07
227,35,1,311.07
227,44,7,108.94
228,11,10,39.08
228,37,7,227.21
229,44,4,19.17
229,3,1,494.15
229,28,1,239.49
229,49,10,374.1
230,17,4,414.21
231,43,3,323.01
231,37,5,13.11
231,17,10,402.72
231,26,9,45.21
231,31,8,197.02
232,31,9,150.39
232,15,7,326.43
233,8,4,126.9
233,28,8,323.35
233,15,10,48.33
233,14,4,477.54
233,27,10,293.56
234,19,7,141.24
234,22,10,31.08
234,30,2,347.14
235,13,2,175.42
236,23,1,292.07
236,49,5,260.58
237,49,10,304.3
238,47,5,102.04
239,49,2,329.43
240,2,1,103.66
240,43,10,149.84
241,27,9,292.29
242,36,1,455.82
242,40,4,55.18
242,39,1,409.77
242,17,3,386.46
242,28,5,221.32
243,8,2,203.83
243,24,4,346.05
243,4,10,195.86
243,24,7,398.03
244,13,9,42.54
244,42,7,213.94
245,21,7,60.58
245,33,4,156.35
246,45,10,393.55
246,47,1,53.83
247,7,2,422.53
247,30,1,231.23
247,48,3,332.46
247,47,8,214.84
247,9,6,64.57
248,43,5,73.0
248,22,4,124.9
249,16,5,356.38
250,9,8,310.55
250,13,2,41.46
250,17,5,387.67
251,36,1,418.16
252,41,9,242.51
252,25,2,204.61
253,24,6,483.84
253,17,3,426.72
253,8,3,228.36
253,38,6,425.05
254,10,7,248.31
255,24,1,274.11
255,10,9,397.24
256,47,6,428.36
256,18,3,419.01
257,25,6,163.01
257,1,5,259.43
258,26,10,319.25
258,37,2,255.18
258,14,10,162.82
259,38,3,122.86
259,23,9,407.88
259,46,5,56.14
260,33,4,70.99
260,13,3,460.77
261,38,10,292.69
261,35,10,429.57
262,41,8,190.54
262,28,8,450.31
262,37,5,273.33
263,48,4,240.11
263,43,4,490.05
264,45,5,49.97
264,31,3,373.59
264,9,1,186.74
265,7,7,498.02
265,24,2,95.02
265,49,4,165.92
265,4,8,182.32
265,9,7,321.91
266,16,6,456.78
266,18,7,200.06
266,36,2,225.34
266,14,10,222.97
267,36,3,197.82
267,37,5,184.48
267,39,7,466.08
267,49,5,276.25
268,10,3,12.92
268,1,8,393.7
268,37,2,210.83
268,48,5,280.24
268,14,5,35.45
269,44,10,409.67
269,25,6,14.59
269,41,5,366.77
269,24,8,485.3
269,15,7,371.28
270,24,6,272.67
270,41,8,315.7
270,7,3,202.13
271,29,1,451.62
271,42,2,273.14
271,14,7,22.09
271,40,3,200.49
271,32,7,114.8
272,48,8,59.52
272,17,8,36.18
273,11,4,154.21
273,2,4,244.86
273,7,6,44.55
273,32,5,219.0
274,34,10,77.48
274,19,6,128.63
275,5,4,319.83
275,23,1,408.93
275,29,9,447.31
275,47,6,234.84
275,4,9,341.4
276,20,6,350.85
276,37,1,418.99
276,47,9,392.06
277,40,9,92.96
277,50,4,90.79
277,44,1,280.11
277,25,8,372.43
278,13,5,224.63
278,4,3,253.02
278,46,2,111.16
279,34,10,456.69
279,19,6,48.24
279,10,2,406.01
280,18,5,378.54
280,47,8,220.44
281,39,5,406.97
281,19,2,136.15
281,3,8,391.11
281,33,2,17.08
281,18,10,244.11
282,2,8,19.01
282,5,4,307.0
282,15,1,170.97
283,4,3,98.3
283,38,2,432.96
283,37,9,267.55
283,36,9,383.19
283,13,2,250.1
284,42,8,153.93
284,45,5,29.55
284,21,2,332.98
285,36,4,418.5
285,9,10,363.94
286,11,9,477.25
287,12,7,335.94
287,19,10,445.6
287,47,1,43.18
288,23,1,424.26
288,34,5,312.39
288,38,4,53.23
288,15,8,46.14
288,50,1,23.44
289,36,6,479.55
289,14,1,411.38
289,28,9,291.95
289,29,3,334.31
290,33,4,367.19
290,28,8,186.73
291,9,3,248.34
291,6,3,266.36
291,31,10,472.95
291,40,9,187.9
292,45,3,315.18
292,32,1,396.01
293,17,8,479.02
294,6,1,319.37
294,35,2,318.98
294,26,3,132.81
295,20,2,113.16
296,8,8,47.65
296,35,2,400.73
296,14,3,473.38
296,37,4,418.9
297,48,10,370.3
298,2,8,148.19
298,32,4,440.34
298,37,7,221.45
298,11,5,440.43
298,7,10,370.02
299,1,4,71.09
300,38,8,496.83
300,5,2,374.31
301,40,6,26.89
301,6,6,332.96
301,42,1,497.84
301,33,7,487.32
302,38,6,462.11
303,48,3,105.82
303,23,1,241.5
303,24,10,358.04
303,32,4,154.37
304,11,9,320.16
305,26,4,414.97
306,1,8,393.8
306,12,7,374.93
306,45,8,281.57
306,41,5,422.82
306,31,6,494.89
307,44,1,101.02
307,9,3,402.92
307,32,5,199.42
308,4,9,31.19
308,33,10,467.82
309,34,5,63.44
310,38,10,10.17
310,17,8,153.38
310,34,10,365.99
311,49,4,435.88
311,2,10,492.48
311,38,3,169.28
312,34,7,286.88
312,36,5,298.4
312,50,6,470.47
312,12,9,154.58
312,46,5,32.09
313,44,7,360.4
313,31,8,89.78
313,50,1,345.01
313,20,8,318.49
313,50,3,429.49
314,23,8,267.73
314,48,8,458.28
315,15,2,346.37
316,26,8,299.79
316,10,10,248.91
316,30,3,134.24
316,3,9,79.49
316,6,2,17.55
317,37,2,65.88
317,28,4,423.77
317,32,10,481.31
317,21,8,218.85
318,31,4,427.79
319,21,8,104.89
319,34,5,67.01
319,14,8,271.11
319,19,4,376.67
320,39,10,327.78
320,48,1,64.18
320,7,3,441.2
321,38,3,387.31
321,26,1,253.76
321,8,9,258.53
321,17,1,119.24
322,2,4,199.26
322,5,2,461.2
323,35,7,364.71
323,13,1,391.43
323,1,1,396.79
323,9,4,127.11
323,43,7,39.84
324,25,10,276.72
324,22,3,234.46
325,44,5,220.98
325,32,10,38.21
326,5,3,330.88
326,7,3,113.17
326,36,4,111.57
326,10,10,243.93
327,48,2,142.32
327,24,10,215.5
327,39,8,442.89
327,29,9,128.42
327,18,6,61.35
328,34,10,404.06
328,23,3,82.34
328,15,4,95.34
328,12,9,233.3
329,8,7,111.58
329,31,8,13.46
329,46,9,485.08
330,30,8,272.64
330,1,3,88.17
330,1,10,300.12
330,4,8,362.07
331,41,2,441.26
331,20,7,308.95
331,10,7,69.63
331,1,4,361.21
331,17,2,189.74
332,5,7,486.25
332,14,8,434.33
332,31,5,394.72
332,42,1,369.63
332,2,10,57.66
333,6,8,387.6
334,28,9,253.74
334,14,2,456.93
335,47,4,125.59
335,48,8,272.19
336,39,2,499.5
337,48,10,235.47
337,43,9,238.02
337,49,9,30.88
338,27,9,41.96
338,4,1,32.13
338,2,8,246.96
338,1,2,292.53
338,25,9,393.9
339,31,2,199.73
339,5,6,128.82
339,36,6,33.85
339,13,6,169.22
339,21,1,344.89
340,3,7,112.3
340,13,1,63.93
340,15,1,420.5
340,35,10,11.15
340,49,6,227.6
341,17,1,32.53
341,2,10,19.16
341,1,10,247.45
341,33,4,359.58
342,40,3,344.78
342,2,7,175.11
342,3,8,51.15
343,49,5,190.45
343,40,1,428.98
344,35,8,278.53
345,47,4,12.05
345,4,8,408.05
345,47,8,459.99
346,4,4,442.77
346,3,7,184.58
346,15,2,254.03
346,20,6,323.89
347,16,6,417.53
347,40,5,139.07
347,29,1,423.78
347,33,4,360.2
347,3,6,499.6
348,26,3,39.38
349,34,5,446.23
349,49,2,222.33
350,41,8,485.56
350,43,9,187.39
351,24,3,358.53
352,12,10,374.14
353,50,8,117.34
353,46,5,323.07
354,44,7,163.3
354,22,3,52.9
354,1,3,32.5
354,35,3,293.11
354,13,5,169.95
355,38,8,423.11
356,33,5,411.34
357,19,10,479.47
357,31,2,175.89
357,13,5,445.58
357,10,7,46.1
357,39,5,81.69
358,2,4,74.34
358,15,8,244.64
358,50,10,449.86
358,4,3,372.35
359,42,6,206.65
359,28,7,92.82
359,35,8,136.57
359,32,3,389.62
359,19,5,452.62
360,46,4,142.38
360,17,6,330.26
360,18,6,54.02
361,29,4,251.78
362,7,7,272.0
363,3,9,79.13
363,39,2,241.15
363,43,7,157.25
363,25,4,63.54
364,39,2,86.33
364,49,4,480.2
364,40,3,335.88
365,6,2,214.92
365,24,7,235.36
365,24,3,466.96
365,38,2,192.28
365,21,10,83.81
366,18,9,455.33
367,14,2,262.5
367,38,7,33.71
368,22,4,251.74
368,12,1,355.17
368,20,1,41.81
368,10,6,200.14
369,22,1,18.5
369,23,3,410.84
369,22,6,365.67
369,27,6,473.14
369,16,1,170.26
370,50,5,479.39
370,41,2,70.21
370,41,6,76.68
371,34,3,307.32
372,31,10,116.11
372,24,3,286.28
372,5,1,179.2
372,28,2,160.85
372,14,7,33.63
373,44,5,272.2
373,27,2,246.48
373,18,1,99.59
374,1,7,428.09
374,7,2,76.09
374,1,9,330.26
375,17,3,88.17
375,40,8,52.99
376,24,4,457.35
377,47,2,229.37
377,50,9,308.47
377,3,5,403.43
378,16,5,328.14
378,35,7,479.01
378,14,9,354.87
378,42,10,76.6
378,4,3,61.08
379,13,9,426.79
379,31,8,200.32
379,16,10,229.93
379,33,8,54.34
380,10,6,343.94
380,20,10,389.12
380,6,5,364.89
381,18,6,405.07
381,4,4,404.3
381,15,1,403.76
382,40,7,312.28
382,9,9,339.13
383,40,6,123.44
384,49,5,287.8
384,36,9,317.46
384,50,8,437.37
385,9,9,388.06
385,36,2,464.14
385,33,10,84.68
385,33,5,54.33
386,24,1,218.38
386,44,9,251.67
386,25,2,267.36
387,32,6,59.94
387,48,5,72.4
388,43,8,443.36
389,13,10,32.3
389,40,9,82.55
389,44,9,224.26
389,49,8,176.13
389,23,2,468.73
390,24,2,304.31
390,17,4,442.95
390,29,3,228.17
390,27,6,75.34
391,8,9,102.2
391,3,10,35.15
392,19,7,86.16
393,29,9,476.42
393,37,3,76.48
393,37,2,151.4
393,22,8,273.55
393,22,3,85.35
394,3,10,349.4
394,16,6,468.94
395,44,2,39.41
396,18,6,14.69
396,28,5,335.38
396,4,9,130.63
396,14,3,312.67
396,38,3,231.11
397,4,6,439.86
398,13,2,237.94
398,46,3,97.59
398,5,1,166.3
398,42,6,500.03
399,46,6,159.79
399,49,1,237.37
399,30,2,270.58
399,47,4,474.95
399,42,7,474.28
400,20,2,270.14
400,41,5,498.46
400,43,5,280.28
400,30,9,64.0
400,26,9,454.37
401,40,9,209.5
401,18,6,183.38
401,19,5,219.37
401,3,8,262.92
402,42,3,91.65
402,24,3,333.15
402,12,9,344.47
403,11,1,379.13
404,18,3,261.76
405,34,9,494.08
405,37,9,457.99
406,21,2,371.92
406,1,9,45.44
406,2,4,493.87
406,25,1,99.98
407,19,9,341.57
407,28,3,467.03
408,3,10,456.74
408,7,9,199.02
408,50,7,146.13
408,50,1,212.81
409,25,2,11.5
409,17,4,367.05
410,45,5,449.47
410,10,7,10.86
410,26,10,205.62
410,50,7,408.4
410,47,3,494.26
411,48,8,210.18
412,10,7,440.69
412,24,3,262.14
413,14,3,284.52
414,17,7,24.82
414,47,4,190.42
414,14,5,46.05
414,12,6,176.11
415,6,10,133.04
415,30,4,302.6
415,43,2,175.98
415,12,4,203.99
416,18,1,173.07
416,5,5,400.77
417,41,9,388.92
417,2,5,137.07
417,7,6,352.57
417,15,3,297.88
418,29,5,491.15
418,29,7,280.63
418,37,6,91.01
418,39,2,349.97
418,19,6,288.61
419,32,6,343.72
419,10,6,438.8
420,49,5,197.38
420,36,6,42.3
420,46,9,16.92
420,45,10,232.86
421,50,7,75.98
422,38,1,417.66
422,36,3,297.08
422,25,4,173.53
422,24,5,320.18
422,31,1,372.34
423,14,8,431.53
424,20,5,121.45
424,34,9,146.37
424,13,9,352.98
424,7,8,102.94
425,16,6,280.5
425,23,4,443.81
426,25,1,225.98
426,12,2,364.52
427,23,10,377.11
427,19,6,479.46
428,22,7,95.74
428,29,6,186.27
428,20,10,324.05
428,11,10,281.84
429,32,10,74.32
429,13,7,23.4
429,2,8,482.57
429,35,7,449.84
429,23,3,143.09
430,29,2,341.39
431,40,9,31.52
431,21,5,469.95
431,1,3,260.33
432,50,1,142.34
432,14,9,472.89
432,11,2,349.17
432,35,8,337.29
432,49,4,306.96
433,6,3,264.54
433,36,9,43.42
433,17,5,492.72
433,35,4,113.27
433,15,2,262.59
434,9,9,396.04
434,35,3,476.57
434,41,4,54.24
434,44,7,483.42
434,28,6,351.68
435,6,2,221.98
435,32,2,71.96
435,50,10,62.54
435,13,7,129.14
436,11,1,83.86
436,44,2,267.45
436,15,3,240.61
436,1,8,333.3
437,44,1,470.61
437,6,5,441.96
437,8,5,378.32
438,47,7,80.24
438,8,8,124.84
438,27,1,29.22
439,1,9,245.23
439,50,7,315.6
439,23,6,280.93
439,49,3,205.66
440,31,9,431.83
440,32,4,309.86
440,13,8,103.3
441,36,6,376.98
441,7,7,277.7
442,3,3,491.96
442,24,1,303.79
442,47,9,303.96
442,37,10,26.96
442,28,6,466.72
443,45,9,366.66
444,16,2,273.22
444,35,6,132.65
444,32,3,320.98
444,12,4,444.67
445,40,7,471.63
445,20,9,251.53
445,39,4,210.71
445,37,6,295.94
445,3,6,193.59
446,25,6,373.89
447,35,8,318.16
447,3,10,29.2
447,5,5,342.38
447,3,6,297.04
448,18,9,372.41
448,27,1,204.66
449,32,1,240.47
449,27,1,180.01
449,25,1,315.2
450,46,9,362.43
450,4,10,461.36
450,10,6,331.37
451,45,4,404.98
451,43,4,137.34
451,37,5,27.4
452,47,8,373.65
452,45,1,232.28
452,41,10,179.02
452,28,5,254.67
453,34,1,77.99
453,35,4,290.08
454,48,2,409.65
454,1,2,471.39
454,46,5,295.17
455,18,8,173.79
455,50,10,50.39
455,19,1,23.64
456,25,10,246.83
457,27,3,289.23
457,31,9,97.44
457,44,8,134.26
457,38,7,172.21
458,37,8,317.09
458,9,4,56.48
459,44,7,322.28
459,14,9,111.64
459,12,9,495.62
460,25,7,451.85
460,21,6,490.82
461,48,8,463.48
461,35,1,33.9
461,37,9,226.56
461,21,2,193.57
461,30,1,393.63
462,32,2,336.65
462,12,1,263.04
462,6,3,150.85
462,22,2,180.11
462,38,3,197.98
463,5,3,95.87
463,24,9,142.58
463,24,1,302.29
463,11,5,481.55
463,13,1,344.1
464,1,1,25.57
464,46,5,55.04
465,49,6,198.48
466,46,6,154.31
467,48,4,373.65
468,16,4,93.65
469,10,10,317.94
469,27,6,165.23
470,46,9,413.82
470,23,5,315.93
470,2,6,201.44
470,1,5,487.19
471,35,3,76.95
471,22,10,283.79
471,32,4,92.35
472,16,2,433.58
473,6,3,399.11
473,36,3,469.02
474,11,10,495.65
474,33,4,168.15
475,32,10,39.17
476,10,10,305.24
476,2,7,175.46
476,6,3,132.53
477,40,10,161.14
477,32,8,295.1
477,10,9,69.38
477,32,2,143.06
477,13,7,460.22
478,35,9,428.21
478,38,4,341.84
479,16,2,64.77
479,29,7,460.8
479,6,7,167.62
480,18,7,277.69
480,6,9,247.54
480,42,3,173.03
481,43,6,97.77
482,3,10,335.13
483,9,7,346.23
483,12,8,367.89
483,26,8,44.77
483,10,2,96.64
484,42,3,369.8
484,28,8,146.7
484,32,8,219.92
485,2,1,252.3
485,26,2,378.1
485,45,3,256.86
485,4,6,33.83
486,30,6,162.31
486,19,2,499.02
486,30,7,316.6
487,26,7,450.24
487,40,2,149.09
487,44,2,266.37
488,33,8,261.35
488,11,1,433.54
488,29,5,133.96
488,22,2,419.13
489,27,7,301.12
489,49,6,238.46
489,42,2,396.59
489,38,7,230.93
490,37,7,75.6
490,23,2,417.3
490,34,6,175.87
491,8,7,440.02
491,39,6,423.13
491,33,4,264.01
491,6,7,228.36
491,9,5,263.24
492,28,9,132.33
492,29,6,69.6
493,16,2,155.74
494,8,2,495.64
495,5,7,194.81
495,16,7,495.79
495,19,4,63.24
495,49,6,52.63
495,10,9,253.43
496,50,1,390.61
496,49,3,490.71
496,32,2,439.78
497,28,6,222.9
497,2,10,309.8
497,19,7,190.98
497,28,6,287.93
498,28,3,82.8
498,6,1,23.45
498,37,10,455.79
498,26,5,68.71
498,38,1,470.58
499,7,7,72.06
499,7,10,419.06
500,38,7,10.59
500,42,7,478.04
501,4,2,181.89
502,25,10,112.18
502,16,4,70.66
502,35,8,111.1
502,31,3,246.51
502,48,8,491.27
503,14,6,118.49
503,15,1,87.28
503,27,3,263.25
503,20,7,249.51
503,30,2,127.45
504,12,6,359.08
504,13,8,245.95
505,23,5,225.53
506,46,2,385.21
506,37,4,159.67
506,5,2,267.21
506,17,5,71.39
507,23,2,102.34
507,15,10,61.32
508,12,2,80.03
508,17,8,172.94
508,26,9,498.12
508,22,10,261.26
508,24,2,227.25
509,24,2,47.06
509,33,8,243.26
509,31,9,113.59
510,39,6,423.98
510,6,4,439.86
510,10,1,374.41
510,47,3,231.62
510,38,10,31.42
511,1,7,416.69
511,47,4,369.08
511,48,4,159.27
511,33,9,59.92
512,36,6,86.0
512,3,8,123.03
512,50,6,168.56
512,13,5,197.09
512,15,8,100.78
513,19,2,431.36
513,45,9,389.29
513,4,5,277.97
514,11,5,168.6
514,22,3,218.83
515,21,1,259.21
515,36,4,129.02
515,3,6,233.72
515,5,9,212.09
515,19,6,386.28
516,46,7,352.34
517,47,8,427.22
517,20,9,62.01
518,28,9,335.65
518,40,1,72.19
519,33,5,17.89
519,43,1,232.1
519,24,6,454.42
520,11,2,201.41
520,13,9,118.06
520,50,3,326.46
521,43,2,315.97
521,13,5,285.03
522,44,7,177.32
522,3,4,354.3
522,15,7,164.04
522,25,9,90.3
523,17,2,384.08
523,44,4,318.39
523,43,1,361.21
523,29,5,341.17
524,23,2,172.96
525,40,4,215.84
525,10,6,127.06
525,50,8,85.53
525,25,9,249.12
526,37,5,177.71
527,21,9,330.73
527,30,7,406.72
527,33,9,356.42
527,30,7,300.62
527,12,2,483.1
528,19,10,381.25
528,27,8,495.19
528,36,3,198.49
529,39,1,399.94
529,27,10,126.72
529,9,9,286.13
529,42,2,74.32
530,5,8,55.83
530,29,10,211.05
530,10,2,80.96
531,9,3,170.1
531,48,6,239.17
532,49,6,334.81
532,28,3,197.15
532,42,2,227.61
532,7,10,103.88
533,29,2,305.43
533,6,9,365.76
534,43,3,37.3
535,47,9,368.5
535,43,1,119.55
535,44,10,207.6
536,14,8,205.69
536,15,6,408.0
536,36,9,124.59
537,6,2,210.04
538,8,4,334.31
538,27,10,126.91
538,26,10,211.37
538,48,7,396.54
539,48,3,11.03
539,40,9,45.87
539,29,4,489.87
540,48,8,202.46
540,29,4,115.82
540,20,4,447.58
540,33,5,149.33
541,4,3,243.76
542,41,10,164.38
543,27,2,389.89
544,37,10,260.78
545,19,1,73.25
545,1,2,330.62
545,12,9,226.86
545,37,2,377.73
545,25,9,75.98
546,30,4,267.13
546,44,3,487.56
546,13,4,65.41
546,30,7,224.85
547,24,1,348.29
547,5,9,354.22
547,45,1,497.05
548,29,4,94.06
548,37,8,244.89
548,7,8,500.12
548,19,3,48.25
549,18,2,353.5
549,38,3,294.85
549,45,5,191.66
549,27,6,313.96
549,2,2,124.23
550,6,2,241.66
550,3,1,111.16
550,14,4,429.53
551,32,4,411.36
551,5,3,373.14
551,50,4,400.42
551,40,3,226.26
551,5,3,34.17
552,24,8,470.18
552,21,8,46.41
552,7,4,101.35
553,7,3,155.62
553,38,9,482.19
553,6,7,28.09
554,2,3,46.06
554,40,8,336.64
554,7,2,500.97
555,4,4,465.26
555,7,8,192.21
555,29,8,119.08
555,50,7,331.44
555,9,6,283.04
556,9,1,59.27
557,28,10,246.46
557,43,1,34.58
557,3,6,102.92
558,13,9,54.71
559,39,1,405.1
559,39,5,497.4
560,14,1,208.91
560,39,7,377.77
561,26,1,16.27
561,27,1,277.04
561,35,8,117.7
561,30,2,75.86
562,31,10,306.93
563,32,7,472.42
564,48,4,485.92
564,13,3,56.81
565,14,1,427.88
565,24,6,23.83
565,23,7,225.36
566,15,1,25.44
566,3,2,105.66
566,12,10,454.36
566,31,8,334.37
566,11,5,486.11
567,25,3,313.09
568,10,7,450.54
568,21,7,228.34
569,10,9,12.67
570,37,8,496.49
570,13,8,142.64
570,37,3,189.62
571,32,5,124.11
571,2,6,500.87
571,28,5,366.63
571,13,10,71.34
572,13,3,355.79
572,35,1,369.12
573,6,5,95.11
573,40,3,27.88
573,45,9,241.38
574,17,5,499.44
574,12,3,483.42
574,46,6,209.88
574,8,5,488.89
574,7,9,278.66
575,48,9,74.59
575,8,2,473.42
576,21,8,62.77
576,40,3,179.55
576,33,3,198.25
576,23,4,474.92
577,14,4,393.0
578,12,1,440.68
578,3,2,491.43
578,37,5,180.92
578,45,3,374.07
579,11,9,313.41
580,44,5,446.2
580,32,2,16.89
580,31,1,414.52
580,40,1,68.45
581,21,8,420.99
582,27,2,237.85
582,30,4,397.38
582,38,8,323.74
583,44,7,442.67
584,14,8,14.38
584,37,7,90.25
584,5,4,96.85
584,44,10,58.84
585,5,5,38.43
585,7,3,285.97
585,33,4,83.92
585,10,5,283.87
586,10,6,101.2
586,29,9,59.93
586,4,8,435.66
587,31,6,411.58
587,41,4,492.88
587,2,9,435.18
588,41,2,205.12
588,22,7,133.72
588,10,1,120.98
588,49,8,290.79
589,26,5,418.73
589,35,6,117.13
589,47,1,490.69
589,25,1,124.39
589,43,7,492.56
590,31,6,464.63
590,31,3,250.04
590,36,10,236.01
590,25,7,213.47
590,6,8,106.38
591,7,1,483.03
591,5,9,444.79
592,25,5,462.0
592,26,5,185.81
592,48,8,354.82
593,15,4,411.94
594,30,7,212.53
594,47,5,24.52
594,27,7,16.81
594,15,5,491.69
595,23,4,477.09
596,22,5,258.86
596,7,9,84.81
597,5,1,152.49
597,21,5,281.0
598,10,1,288.22
599,10,4,304.62
599,47,7,74.8
599,4,3,133.14
599,4,3,360.3
600,37,10,457.0
600,11,4,362.06
600,5,9,418.56
601,29,9,492.34
601,34,2,242.89
601,30,4,386.33
601,32,8,362.5
602,14,2,157.43
602,34,2,499.49
602,46,2,100.4
602,16,3,421.16
603,41,4,315.44
603,29,8,222.81
603,19,4,489.02
603,41,3,198.42
604,16,4,324.74
604,10,1,176.43
604,34,1,366.53
604,34,10,137.11
605,13,7,94.35
605,27,3,417.03
606,45,4,254.68
606,2,6,221.91
607,44,6,262.69
607,6,5,105.17
607,2,4,273.2
608,46,6,51.3
608,15,6,491.96
609,48,8,318.13
609,16,2,83.77
610,50,2,111.56
611,1,9,489.55
611,42,3,156.47
611,18,2,393.28
611,2,4,387.84
612,6,8,296.77
612,36,9,334.67
612,32,1,389.61
613,34,2,339.94
613,40,4,436.99
613,45,4,233.75
614,10,9,75.85
614,13,6,351.78
615,10,5,281.68
615,49,3,92.8
615,50,7,152.53
615,1,7,88.61
615,46,6,474.21
616,24,4,381.62
616,29,4,175.29
616,28,2,160.48
617,31,6,332.34
617,10,4,271.03
617,37,1,172.66
617,2,10,280.62
618,16,8,250.88
618,37,8,254.49
618,39,1,470.71
619,35,6,83.5
619,18,3,496.83
620,26,7,134.51
620,29,6,250.3
620,15,9,114.03
621,32,5,302.01
621,8,5,13.12
622,26,7,117.19
622,16,8,361.87
622,1,10,256.84
622,41,3,417.61
622,38,1,233.14
623,44,8,436.62
623,22,5,54.83
623,1,9,399.43
623,22,5,189.5
623,32,10,253.1
624,3,9,258.8
624,44,7,100.07
624,5,4,184.15
624,29,10,488.76
625,24,9,45.4
625,49,9,49.78
625,31,4,283.33
625,20,3,334.89
626,46,5,333.31
627,11,7,255.01
628,12,10,477.4
628,34,1,500.18
628,31,9,408.55
629,35,10,319.51
630,7,9,151.83
630,11,9,419.51
630,22,3,406.39
630,28,4,212.77
630,13,4,15.91
631,48,7,179.4
631,47,8,188.36
631,15,6,327.66
632,43,1,291.0
632,28,5,52.36
632,37,10,24.19
632,44,7,427.42
633,49,9,239.82
634,14,4,43.73
635,33,2,231.56
635,24,8,191.08
636,26,10,14.71
637,3,1,310.04
637,34,1,78.3
637,30,6,346.37
638,40,2,223.59
638,35,6,128.7
638,27,2,100.04
639,15,1,350.31
640,10,3,411.34
640,5,9,379.6
640,36,1,279.71
640,19,8,393.74
640,19,4,303.78
641,30,6,473.84
641,16,3,232.07
642,16,1,206.81
642,16,10,318.09
642,43,1,470.55
642,30,4,314.44
643,17,9,114.98
643,1,6,240.92
643,26,6,117.21
643,45,9,456.21
643,48,1,237.69
644,35,1,108.59
644,5,3,481.28
644,47,1,77.72
644,24,9,138.06
644,18,6,70.69
645,49,9,425.22
645,37,6,297.96
645,28,7,201.02
646,49,6,117.63
646,13,10,429.7
647,8,5,33.35
647,24,4,223.94
647,25,9,324.34
648,11,6,287.68
648,33,9,31.84
649,29,1,499.3
649,44,5,231.35
649,46,2,25.23
649,29,8,310.01
650,27,3,27.09
650,42,1,263.64
650,41,5,40.7
651,17,1,302.79
651,30,8,256.81
652,49,4,44.53
652,28,5,433.19
652,28,5,263.63
653,39,9,376.44
654,29,5,136.18
654,4,9,97.02
654,31,10,440.43
654,38,5,289.02
655,13,4,130.26
655,30,7,237.32
655,21,10,305.85
656,40,10,395.94
657,36,2,314.05
657,8,3,202.99
657,21,8,376.97
657,44,7,64.56
657,13,7,494.38
658,19,7,484.25
658,48,3,404.88
658,28,1,360.16
658,22,6,74.26
658,23,6,223.58
659,2,4,228.05
659,16,4,134.14
659,49,1,188.56
659,20,5,100.49
660,19,4,387.91
660,8,5,111.07
660,34,2,25.21
661,41,5,191.02
661,12,5,160.5
661,50,2,481.6
662,41,8,467.16
662,36,4,390.64
662,27,5,256.91
662,42,1,345.56
662,31,6,204.45
663,27,1,113.28
663,36,9,184.66
663,28,2,371.65
664,3,9,254.37
664,4,6,237.79
664,35,9,310.89
664,29,9,350.2
665,18,2,439.72
665,39,1,97.93
665,17,4,283.81
665,26,9,263.76
666,22,10,478.39
666,27,1,270.76
666,46,9,59.24
667,18,9,55.81
667,40,8,248.29
667,34,3,330.57
668,27,9,162.71
668,46,6,125.9
668,16,8,286.47
668,20,8,316.74
669,43,3,213.26
669,12,8,268.1
670,7,4,420.56
670,41,1,74.36
671,47,2,199.41
671,33,8,293.74
671,50,7,208.47
672,34,8,412.62
672,43,2,436.85
672,8,8,244.6
672,11,6,294.16
673,44,5,280.38
673,32,6,424.13
674,34,10,94.47
674,25,10,289.72
674,5,8,455.13
675,6,10,84.77
675,37,7,14.18
675,4,4,500.06
676,41,10,28.79
676,9,4,402.49
677,25,10,64.1
677,18,7,334.63
677,32,4,55.11
677,34,1,116.98
678,17,8,108.13
678,18,10,115.62
678,12,5,34.3
679,18,8,77.05
679,16,3,189.79
680,12,8,226.36
680,43,5,445.53
680,11,7,458.73
680,31,2,215.24
680,15,4,348.07
681,47,2,219.3
682,40,10,376.81
682,39,8,328.06
683,2,4,174.6
683,14,1,493.1
683,31,7,127.48
684,45,6,305.19
684,50,10,151.27
684,4,7,494.6
685,40,3,93.9
685,20,5,45.63
685,7,2,220.24
685,18,3,179.89
686,15,7,273.29
686,46,8,55.38
687,36,6,458.62
687,24,6,142.55
687,39,4,477.45
687,28,9,408.16
687,12,4,271.34
688,25,2,482.48
688,43,7,257.68
688,41,10,125.51
689,22,6,107.91
689,25,6,172.83
689,45,5,264.03
689,17,9,301.97
689,23,1,343.76
690,30,1,424.04
690,39,10,101.74
690,47,7,500.93
691,21,6,283.7
691,8,2,15.81
691,47,2,55.19
691,24,3,255.61
692,15,1,489.16
693,1,7,227.88
693,23,10,83.41
694,10,7,81.78
694,9,4,193.68
694,25,6,270.38
694,34,3,412.41
695,11,3,144.26
695,5,10,198.0
696,40,6,168.9
696,46,3,42.71
696,45,10,477.58
696,16,5,327.38
697,16,1,442.59
697,47,3,196.51
697,21,4,48.87
697,47,7,215.59
698,47,7,109.62
698,19,4,94.64
698,1,3,99.14
698,44,10,222.28
698,42,8,40.64
699,13,8,317.38
699,4,7,403.03
699,48,7,101.8
699,22,2,372.78
699,11,3,365.2
700,34,5,403.16
700,12,4,85.44
700,34,5,166.44
700,23,6,49.14
700,40,6,336.43
701,25,5,99.48
702,42,9,397.34
703,48,9,176.61
703,18,6,223.1
704,9,10,459.19
704,15,1,274.77
704,22,6,218.15
704,41,7,397.65
704,3,9,142.45
705,10,7,444.56
705,13,9,120.85
705,37,2,352.41
705,46,3,271.13
705,30,4,342.19
706,4,8,30.84
706,45,6,120.97
707,18,6,306.85
707,46,3,437.43
708,21,3,309.94
709,33,5,293.6
709,25,6,59.4
709,39,7,204.36
709,40,1,21.5
710,44,10,322.82
710,40,9,110.47
711,13,1,244.27
711,39,8,122.98
711,37,10,267.1
711,29,3,16.49
711,10,10,403.64
712,1,10,21.88
712,11,2,142.59
712,30,9,376.33
713,3,8,185.66
713,17,4,381.73
713,48,2,289.98
713,17,4,260.82
714,31,6,462.46
714,11,8,57.06
714,41,10,270.29
715,10,3,282.67
715,41,4,277.33
715,12,7,386.88
716,31,7,150.33
716,48,1,114.35
716,20,5,250.86
716,16,7,165.77
717,26,10,208.03
718,36,6,403.86
718,6,1,378.7
718,42,5,162.42
718,42,6,398.08
719,46,3,456.51
719,37,2,281.33
719,27,9,256.01
720,2,10,478.57
720,24,1,152.36
720,38,5,463.3
720,26,8,185.24
721,5,1,340.9
721,28,10,168.11
721,27,2,410.56
721,49,7,460.35
722,35,1,151.65
723,18,1,353.89
723,23,6,220.48
723,29,3,13.57
723,30,4,492.02
723,10,6,198.92
724,2,9,311.44
724,32,9,219.69
724,43,10,319.03
725,17,2,72.08
725,30,8,100.34
726,5,9,348.81
726,12,10,285.11
726,15,6,116.28
727,43,7,299.3
727,30,7,110.4
728,30,4,414.87
728,1,2,421.73
728,41,3,110.61
729,33,1,181.05
729,11,2,45.15
730,50,8,215.5
730,49,7,374.21
731,24,9,118.85
731,12,10,452.91
731,29,2,173.51
732,41,3,76.87
732,44,9,317.4
732,48,10,167.75
732,48,2,223.76
733,12,10,89.25
734,8,7,360.72
735,11,5,230.72
735,21,4,494.67
735,10,7,465.0
735,26,1,275.69
735,11,7,106.55
736,31,4,206.52
736,25,9,78.11
736,11,8,447.49
736,33,2,152.15
736,47,3,161.62
737,9,7,66.91
737,26,4,306.43
737,33,6,10.83
737,11,5,41.69
738,10,3,47.27
738,7,10,144.12
738,41,4,235.59
739,26,7,435.35
739,41,10,15.14
740,3,1,17.48
740,2,4,22.03
740,18,9,134.89
741,16,7,280.92
741,14,10,322.97
741,33,5,279.5
741,42,1,34.67
742,48,1,204.14
742,9,8,376.24
742,35,6,471.34
742,30,9,61.69
742,20,10,218.47
743,10,1,330.88
743,21,1,342.29
744,31,7,492.83
745,19,3,165.93
745,27,8,214.18
745,22,8,148.03
745,9,1,325.93
746,22,1,412.53
746,49,7,448.89
747,20,7,136.61
747,45,7,332.96
748,3,2,441.86
749,20,6,89.92
749,22,10,399.52
749,30,2,282.68
749,37,10,279.23
750,46,9,272.08
750,20,3,154.21
751,23,5,212.19
751,2,1,454.49
751,33,3,239.23
752,17,1,275.59
752,25,9,83.97
753,43,3,422.1
753,33,7,499.45
754,1,8,500.97
754,17,9,434.99
754,47,10,331.62
754,3,4,294.93
754,32,6,233.03
755,2,8,271.49
755,24,5,209.98
755,16,4,26.31
755,16,3,213.83
756,3,1,111.81
756,7,7,154.6
757,28,7,354.98
757,32,9,245.5
757,24,7,289.09
757,48,10,42.92
758,23,7,470.63
758,1,7,138.03
758,38,7,74.48
758,49,9,342.38
758,9,6,164.38
759,11,4,254.58
759,17,4,79.54
759,43,7,346.96
759,18,1,18.36
760,40,6,152.31
760,12,2,332.38
760,3,1,226.91
760,42,8,99.9
761,37,10,365.55
761,29,9,93.1
761,41,4,87.12
761,41,8,326.76
762,11,9,116.64
762,29,2,301.15
762,39,5,49.7
762,16,8,125.17
762,42,10,325.91
763,5,7,347.49
764,42,5,35.58
764,44,2,447.22
764,25,7,409.34
764,22,10,492.07
764,9,2,174.39
765,30,1,377.14
766,12,5,36.2
766,22,1,257.93
766,16,2,394.55
766,9,10,207.99
767,30,10,397.33
767,20,9,102.24
767,45,7,438.21
767,48,5,336.15
768,9,6,110.71
768,10,1,324.5
768,8,3,302.29
768,45,6,29.03
768,4,7,448.42
769,14,5,179.28
769,27,3,400.83
770,36,5,129.05
770,38,2,114.5
770,50,2,106.89
770,23,2,285.82
770,47,4,341.76
771,1,7,375.19
772,15,8,344.14
772,11,4,176.9
773,18,5,213.88
773,15,1,400.81
773,41,1,96.43
773,27,6,185.68
774,45,6,328.52
775,19,6,30.27
776,28,9,96.62
777,18,8,279.93
778,2,10,172.89
778,29,1,129.26
779,20,5,267.75
779,14,3,317.96
779,43,4,409.47
780,41,2,247.82
780,41,2,69.48
780,21,5,169.09
780,27,6,33.96
780,7,9,20.18
781,12,2,195.19
781,19,10,90.72
782,22,9,453.31
782,27,6,162.33
782,18,7,62.59
782,4,2,233.52
782,39,7,399.43
783,49,1,264.27
783,25,1,282.51
784,12,10,173.85
785,17,9,170.34
785,38,10,113.0
785,3,8,214.44
785,46,8,197.03
786,20,2,484.91
786,26,6,353.77
786,5,5,236.83
786,34,10,460.86
786,24,1,167.74
787,37,7,254.39
787,24,1,92.59
788,44,1,46.53
789,49,2,199.39
790,41,6,80.97
791,12,2,465.84
791,43,9,420.79
791,9,5,71.77
792,33,1,262.75
793,35,2,106.46
793,4,6,470.48
793,33,6,143.7
794,30,1,356.05
794,38,9,93.8
794,34,10,256.57
794,37,4,162.93
794,26,4,494.67
795,26,3,437.61
795,19,4,405.47
795,15,3,99.95
795,19,5,338.75
796,30,1,147.36
796,30,6,418.42
796,1,8,73.64
796,11,3,255.06
796,46,7,105.07
797,5,7,105.38
797,2,9,428.58
797,37,9,77.66
797,20,5,349.82
798,3,4,305.85
798,36,3,279.08
799,28,7,437.9
799,15,2,368.86
799,8,3,27.09
799,4,9,16.68
799,4,1,87.04
800,2,2,467.44
800,33,4,348.58
800,17,3,356.79
800,47,4,348.61
800,32,3,170.9
801,24,8,51.82
801,29,8,291.91
801,6,4,43.85
802,18,1,161.02
802,42,5,440.17
802,44,9,221.34
802,42,8,207.73
803,40,6,26.58
803,46,2,235.78
804,12,5,101.13
804,3,10,415.93
804,39,7,21.94
804,22,2,380.8
805,49,6,100.41
805,21,9,437.17
806,22,4,264.29
806,33,5,79.58
807,26,5,175.5
807,38,8,115.46
807,47,5,84.65
807,50,8,474.51
808,30,2,371.78
808,10,1,360.69
809,39,5,391.12
809,48,1,389.14
809,31,2,227.92
809,22,10,132.2
809,48,4,26.29
810,25,10,351.79
811,50,10,284.33
811,44,10,242.37
811,41,3,321.95
812,24,2,490.63
812,21,3,320.87
813,23,3,207.83
814,16,5,348.67
815,18,2,115.54
815,45,2,301.25
815,1,10,424.05
815,2,8,141.84
816,33,2,69.58
817,22,3,484.16
818,38,4,463.65
819,1,2,50.7
819,3,9,343.1
819,32,7,367.11
820,21,3,100.64
821,27,7,150.16
821,12,8,225.82
822,30,2,332.87
822,2,1,112.22
822,30,4,324.77
823,33,7,144.91
823,50,1,315.34
823,40,5,364.33
823,34,8,225.47
823,14,3,138.13
824,47,2,68.21
824,11,5,368.98
825,6,6,404.98
825,6,8,243.34
826,13,2,112.9
826,6,6,474.92
826,24,8,210.5
826,49,3,394.49
827,8,2,51.57
827,12,10,500.46
827,23,6,27.67
828,40,8,498.88
828,19,7,278.99
829,27,5,444.62
829,44,2,303.69
829,24,2,419.85
829,10,7,456.26
830,30,6,46.75
830,20,7,48.61
830,36,2,497.48
830,23,1,280.23
830,32,4,286.71
831,30,9,327.44
831,13,10,85.36
831,43,6,424.53
832,40,5,101.97
832,22,2,323.96
833,48,1,155.38
834,8,3,68.61
834,31,4,266.31
834,30,6,132.53
834,34,5,66.08
834,49,10,411.51
835,49,1,250.74
835,22,4,176.84
836,45,4,243.83
836,36,1,397.29
837,34,3,488.83
838,9,1,137.52
838,36,8,488.77
838,4,9,57.47
838,32,7,422.71
839,15,7,176.25
839,35,1,19.13
840,4,5,71.98
840,6,1,458.58
840,7,6,125.28
840,45,7,266.1
840,50,1,238.02
841,9,5,330.08
841,50,5,62.63
841,39,5,329.8
842,40,1,437.57
842,25,5,82.25
842,17,9,393.01
843,33,5,437.53
843,33,8,135.79
843,41,5,151.46
843,26,2,429.19
843,29,9,462.71
844,27,2,102.09
844,4,8,205.09
844,7,4,462.23
845,32,4,172.5
845,2,9,77.08
845,12,10,445.64
845,7,4,380.7
845,16,9,23.97
846,7,5,24.77
846,27,3,481.14
846,4,7,481.75
846,2,1,231.48
846,32,4,491.18
847,43,5,475.19
848,7,3,207.53
848,20,3,62.32
848,1,4,102.64
848,38,4,348.1
849,38,3,153.53
849,24,10,289.65
849,7,2,336.18
849,23,9,73.34
850,26,6,173.49
851,25,6,209.62
851,46,7,401.54
851,23,5,348.14
851,20,9,123.74
852,42,9,271.56
853,32,4,368.59
853,35,3,24.68
853,16,5,263.25
854,33,7,311.67
854,24,7,123.6
854,8,6,84.47
854,17,1,119.77
855,25,6,70.97
855,40,2,479.64
855,23,4,167.94
855,35,7,255.32
855,10,10,189.7
856,2,9,374.24
856,38,8,76.83
856,25,7,61.62
856,36,9,294.42
856,10,1,433.77
857,20,1,344.48
857,6,6,122.05
858,21,5,336.29
859,29,3,255.99
859,4,9,184.55
859,27,8,68.97
860,13,4,425.65
860,37,8,355.72
861,45,7,364.91
861,32,5,36.57
861,4,10,252.18
861,5,5,450.3
862,28,10,223.84
863,50,6,449.87
863,26,3,21.79
863,36,1,366.56
863,17,8,469.84
864,29,6,54.5
864,45,2,268.8
864,1,5,365.72
864,6,10,395.76
865,46,5,438.64
865,43,4,397.37
865,27,7,308.64
865,14,8,359.26
866,7,10,464.62
866,47,10,208.26
866,4,2,172.45
866,43,10,338.47
866,34,4,62.75
867,7,8,220.01
868,19,1,185.37
868,30,3,189.78
868,1,4,475.57
868,28,2,239.68
869,34,2,193.3
869,29,5,344.21
869,32,7,348.56
869,18,2,474.99
870,39,10,414.66
870,15,5,12.11
871,35,10,272.87
871,22,7,117.75
871,9,10,135.23
871,27,7,275.79
872,48,6,277.16
873,20,8,109.32
873,7,7,333.18
873,33,7,481.8
874,18,10,148.63
874,45,5,170.9
874,43,6,73.23
874,48,10,19.78
874,7,6,130.38
875,50,2,13.86
875,46,9,291.59
876,31,6,333.64
877,14,2,183.21
877,30,2,16.55
877,6,6,420.08
877,8,5,492.84
878,32,10,343.08
878,32,10,377.67
878,41,6,469.63
878,6,2,488.45
879,24,2,458.69
879,30,9,472.31
880,20,5,453.19
881,33,8,124.87
881,13,9,10.16
881,48,1,399.16
881,49,3,167.3
882,50,1,39.55
882,4,2,263.25
882,28,1,233.59
883,33,10,290.28
884,49,5,152.49
884,25,4,425.53
884,50,9,133.92
885,6,1,76.73
885,34,1,67.84
886,16,1,208.26
886,7,10,46.49
886,21,3,215.06
886,8,5,412.89
886,20,8,320.68
887,12,5,263.4
887,23,6,67.06
887,32,5,461.33
887,31,10,199.49
888,24,10,249.7
888,42,10,492.21
888,17,4,467.09
888,29,4,311.44
889,3,8,96.29
889,26,2,169.23
890,18,6,159.65
890,47,3,136.57
890,15,6,286.37
890,38,10,471.04
890,4,8,397.07
891,3,7,372.65
891,8,4,112.56
891,13,7,265.2
892,44,3,460.88
892,22,4,338.46
892,7,10,363.88
893,8,1,86.28
893,33,7,244.41
894,22,8,369.93
894,15,9,19.71
895,7,10,326.83
896,38,7,498.89
896,13,2,455.11
896,37,8,251.95
896,40,8,284.18
897,5,3,435.39
897,8,10,426.52
897,48,8,66.05
897,46,9,462.68
897,7,1,219.95
898,26,3,220.88
898,19,10,57.16
898,49,10,131.16
898,27,10,188.27
898,48,7,439.18
899,28,6,204.39
899,45,7,119.92
900,18,2,159.18
900,3,10,113.5
900,27,2,175.93
901,11,9,120.92
901,11,6,61.58
901,13,4,59.43
902,26,5,151.8
903,13,3,53.93
903,16,5,388.52
903,4,8,311.34
904,43,8,62.36
904,26,6,207.51
904,38,1,347.88
905,13,10,337.33
905,7,7,120.15
905,41,9,38.03
905,27,1,331.75
905,6,1,272.47
906,10,1,284.73
906,30,4,444.12
906,2,3,251.12
906,25,3,404.97
907,19,6,458.74
907,20,1,53.11
907,27,8,113.24
908,28,5,341.47
909,2,4,105.05
909,38,7,407.9
909,16,6,182.47
909,23,7,69.26
909,24,8,253.54
910,47,3,230.16
910,12,10,287.61
911,45,7,489.86
911,9,3,470.51
912,17,3,173.19
912,17,4,321.71
912,10,3,93.75
912,24,4,200.12
913,36,4,178.46
913,11,1,467.42
913,26,5,336.02
914,14,9,239.7
914,6,1,426.64
915,1,2,337.61
915,20,9,500.36
915,34,9,182.17
916,24,1,126.05
916,30,3,43.75
916,13,4,110.31
917,34,2,225.2
918,42,8,442.15
919,41,9,435.52
919,49,9,173.33
919,39,3,376.66
920,7,7,253.53
920,2,3,425.52
920,37,3,259.16
920,38,8,138.86
920,30,7,187.67
921,26,2,372.02
921,3,2,357.59
921,46,6,500.37
921,26,8,318.71
921,26,4,81.48
922,39,8,456.96
922,6,8,309.53
922,33,8,204.95
923,46,3,132.27
923,33,9,406.88
924,23,6,369.89
924,14,10,19.27
924,36,4,99.99
924,47,10,324.97
924,25,7,31.95
925,36,3,109.79
925,26,4,344.16
926,21,2,458.85
927,34,2,477.11
927,37,4,478.08
928,14,7,468.25
928,44,1,475.31
929,25,2,251.3
929,41,1,143.65
930,31,7,449.13
930,38,6,251.15
930,39,1,396.24
931,10,10,476.88
931,23,7,317.64
931,5,5,91.0
931,49,10,292.53
931,43,10,321.86
932,16,7,211.56
932,38,1,35.67
932,24,3,16.8
932,32,3,66.81
932,37,8,370.28
933,17,6,238.02
933,36,7,130.04
933,22,3,470.78
933,49,8,54.04
933,22,3,49.44
934,18,7,486.42
935,37,5,203.84
935,24,8,164.81
935,15,8,310.46
935,50,9,72.35
936,40,2,255.63
936,10,10,417.46
936,8,5,241.82
937,16,8,310.45
937,16,4,96.56
938,23,2,231.89
939,12,8,24.02
939,29,4,31.96
939,49,3,259.4
939,30,9,373.96
940,14,2,104.15
940,39,2,355.19
940,21,6,36.78
940,41,9,491.48
941,2,7,175.14
941,22,5,428.33
941,18,2,90.21
941,30,7,437.07
941,5,5,420.44
942,6,5,427.45
942,30,1,427.11
942,22,10,360.58
942,16,8,229.52
942,22,10,290.5
943,31,8,94.2
944,37,8,123.27
945,2,4,113.46
945,48,1,477.52
945,35,6,139.5
945,33,3,163.74
946,35,10,398.63
947,1,3,20.87
947,26,3,348.0
948,38,2,477.55
948,4,8,36.95
949,1,9,229.05
949,1,4,464.1
949,46,5,196.88
949,29,7,187.48
949,20,3,452.11
950,50,3,205.14
950,9,1,480.39
950,28,1,311.47
950,39,5,280.49
950,13,8,87.77
951,7,3,495.02
952,10,4,286.13
952,23,9,467.41
952,2,6,156.09
952,10,2,97.76
953,1,10,432.41
953,39,2,231.05
953,23,7,81.42
953,34,3,24.33
953,41,8,213.24
954,42,7,128.58
954,45,3,281.72
954,31,3,265.8
954,3,5,418.32
954,21,9,225.41
955,49,6,234.78
956,1,4,239.41
956,36,2,39.05
956,32,5,163.75
957,19,1,25.85
957,11,7,162.37
958,26,8,453.08
958,28,10,250.82
958,23,7,163.15
959,34,2,293.32
959,6,7,310.5
959,42,10,109.17
959,7,3,98.16
959,27,4,121.12
960,33,3,479.52
960,42,3,288.15
960,39,2,108.55
961,49,8,305.34
961,11,4,154.47
962,42,3,500.65
962,45,4,76.94
962,31,4,269.23
962,16,10,292.71
962,45,10,382.6
963,26,5,296.43
963,6,5,377.4
964,17,9,348.0
964,31,2,128.95
964,8,10,50.07
964,31,9,310.4
964,39,3,43.61
965,27,6,495.45
965,33,9,325.52
965,16,1,97.06
965,43,10,384.92
965,37,4,30.24
966,29,4,438.53
966,18,9,197.81
967,33,7,500.07
967,21,6,254.96
967,12,4,490.36
968,39,6,468.94
968,6,3,412.31
968,34,5,209.01
969,19,6,257.68
969,29,9,39.59
969,23,6,224.72
969,27,2,25.38
970,35,6,371.16
970,15,10,283.8
970,16,6,359.03
970,14,3,309.75
971,15,2,253.8
971,43,10,202.7
971,49,8,226.59
971,25,9,377.27
971,5,7,46.04
972,21,5,498.37
972,32,5,148.03
972,26,4,477.81
972,47,4,207.21
972,33,5,374.58
973,8,6,450.93
973,48,8,455.42
973,31,9,440.38
973,39,1,405.21
973,38,9,40.69
974,16,4,138.74
974,5,8,86.16
975,18,2,223.69
975,43,2,62.79
975,39,7,417.83
975,21,8,163.87
976,44,1,60.34
977,9,8,321.32
978,6,5,498.33
979,26,4,197.23
980,10,10,131.02
980,30,6,283.68
980,40,9,389.5
980,28,1,422.58
981,31,4,110.53
981,11,8,30.84
981,44,9,310.11
981,43,3,451.85
982,50,9,39.09
982,15,3,343.94
982,8,3,499.59
982,47,2,456.46
983,3,4,407.79
984,11,7,329.16
984,7,2,205.59
984,27,8,306.35
984,20,8,232.7
984,16,9,494.35
985,45,1,282.78
986,12,9,91.01
986,23,3,333.41
987,24,3,179.85
987,28,3,417.28
987,3,6,229.05
987,49,1,464.69
988,45,3,142.36
988,8,3,391.07
988,33,6,115.1
989,17,8,266.14
989,23,5,358.32
989,2,5,476.42
989,43,1,198.29
989,25,10,182.71
990,49,1,325.87
990,35,8,182.47
990,1,3,251.53
991,38,10,232.18
991,6,3,335.87
992,3,2,384.83
992,14,9,289.06
992,35,1,17.75
993,18,3,394.8
993,43,10,375.04
994,45,7,320.85
994,3,1,175.87
994,26,6,14.03
994,33,3,465.57
995,36,2,133.0
995,38,4,244.32
995,30,8,223.91
995,37,3,159.68
995,23,1,277.56
996,47,7,479.43
996,48,7,165.29
997,27,2,435.83
997,37,5,436.05
997,31,5,235.49
997,3,10,348.86
997,12,6,268.59
998,47,1,37.49
998,18,5,466.88
998,10,4,145.05
998,7,4,197.65
999,42,2,463.66
999,33,1,283.31
999,3,2,283.6
999,22,5,72.67
999,12,3,11.71
1000,29,5,326.01
